Company,Abbr,Model,Road No.,Date,,,,,,,,,,,,,,,,
National Helm Leasing,NHL,SW1500,55,,,,,,,,,,,,,,,,,
National Helm Leasing,NHL,GP40,864 & 865,,,,,,,,,,,,,,,,,
National Helm Leasing,NHL,MP15AC,1013,,,,,,,,,,,,,,,,,
National Helm Leasing,NHL,SD40,3000,,,,,,,,,,,,,,,,,
National Helm Leasing,NHL,GP40,3013 & 3020,,,,,,,,,,,,,,,,,
National Helm Leasing,NHL,GP40,3074,,,,,,,,,,,,,,,,,
National Helm Leasing,NHL,SD45,3136 & 3144,,,,,,,,,,,,,,,,,
National Helm Leasing,NHL,SD45,6400,,,,,,,,,,,,,,,,,
National Helm Leasing,NHL,SD45,6435,,,,,,,,,,,,,,,,,
National Helm Leasing,NHL,SD45,"6436, 6437 & 6445",,,,,,,,,,,,,,,,,
National Helm Leasing,NHL,SD45,6457 & 6470,,,,,,,,,,,,,,,,,
National Helm Leasing,NHL,SD45,"6493, 96, 97, 6503",,,,,,,,,,,,,,,,,
National Helm Leasing,NHL,SD45,6510 & 6518,,,,,,,,,,,,,,,,,
National Helm Leasing,NHL,SD45,6559,,,,,,,,,,,,,,,,,
National Helm Leasing,NHL,SD45,6570,,,,,,,,,,,,,,,,,
National Helm Leasing,NHL,SD45,"6655, 81, 86, 89, 90, 92 94, & 95",,,,,,,,,,,,,,,,,
,,,,,,,,,,,,,,,,,,,,
