0,1,2,3,4,5,6,7,8,9,10,11,12,13,14,15,16,17,18,19,20,21,22,23,24,25,26,27,28,29,30,31,32,33,34,35,36,37,38,39,40,41,42,43,44,45,46,47,48,49,50,51,52,53,54,55,56,57,58,59,60,61,62,63,64,65,66,67,68,69,70,71,72,73,74,75,76,77,78,79,80,81,82,83,84,85,86,87,88,89,90,91,92,93,94,95,96,97,98,99,100,101,102,103,104,105,106,107,108,109,110,111,112,113,114,115
Road No.,Model,Bldr Serial Nmbr,Date,Lettered For,Core Loco & Notes,,,,,,,,,,,,,,,,,,,,,,,,,,,,,,,,,,,,,,,,,,,,,,,,,,,,,,,,,,,,,,,,,,,,,,,,,,,,,,,,,,,,,,,,,,,,,,,,,,,,,,,,,,,,,,
1110,S4m,Alco 79518,1/52,Star Pet,Ex-South Buffalo 96,,,,,,,,,,,,,,,,,,,,,,,,,,,,,,,,,,,,,,,,,,,,,,,,,,,,,,,,,,,,,,,,,,,,,,,,,,,,,,,,,,,,,,,,,,,,,,,,,,,,,,,,,,,,,,
2111,--,--,--,Weyerhauser,Reblt with CAT engine,,,,,,,,,,,,,,,,,,,,,,,,,,,,,,,,,,,,,,,,,,,,,,,,,,,,,,,,,,,,,,,,,,,,,,,,,,,,,,,,,,,,,,,,,,,,,,,,,,,,,,,,,,,,,,
2112,S4m,Alco 81094,4/54,Sweet Bran,Ex-Piedmont & Northern 1005,,,,,,,,,,,,,,,,,,,,,,,,,,,,,,,,,,,,,,,,,,,,,,,,,,,,,,,,,,,,,,,,,,,,,,,,,,,,,,,,,,,,,,,,,,,,,,,,,,,,,,,,,,,,,,
2058,GP20,EMD 25587,6/60,New York City Transit,Ex-TP&W 2058 < nee ATSF 3014/1114,,,,,,,,,,,,,,,,,,,,,,,,,,,,,,,,,,,,,,,,,,,,,,,,,,,,,,,,,,,,,,,,,,,,,,,,,,,,,,,,,,,,,,,,,,,,,,,,,,,,,,,,,,,,,,
5035,C30-7,GE 42599,11/79,Cargill,Remote-controlled; ex-BN 5035,,,,,,,,,,,,,,,,,,,,,,,,,,,,,,,,,,,,,,,,,,,,,,,,,,,,,,,,,,,,,,,,,,,,,,,,,,,,,,,,,,,,,,,,,,,,,,,,,,,,,,,,,,,,,,
5116,GP10 ?,EMD 23855,1/58,Martin-Marietta,Ex-Gulf & Ohio < nee IC GP9 9358),,,,,,,,,,,,,,,,,,,,,,,,,,,,,,,,,,,,,,,,,,,,,,,,,,,,,,,,,,,,,,,,,,,,,,,,,,,,,,,,,,,,,,,,,,,,,,,,,,,,,,,,,,,,,,
5117,PL15B,EMD 19269,4/54,Martin-Marietta,Ex-ICG 8309 < nee UP GP9B 193B,,,,,,,,,,,,,,,,,,,,,,,,,,,,,,,,,,,,,,,,,,,,,,,,,,,,,,,,,,,,,,,,,,,,,,,,,,,,,,,,,,,,,,,,,,,,,,,,,,,,,,,,,,,,,,
5118,PL15B,EMD --,--,--,--,,,,,,,,,,,,,,,,,,,,,,,,,,,,,,,,,,,,,,,,,,,,,,,,,,,,,,,,,,,,,,,,,,,,,,,,,,,,,,,,,,,,,,,,,,,,,,,,,,,,,,,,,,,,,,
5119,PL15B,--,2008,Alcoa,--,,,,,,,,,,,,,,,,,,,,,,,,,,,,,,,,,,,,,,,,,,,,,,,,,,,,,,,,,,,,,,,,,,,,,,,,,,,,,,,,,,,,,,,,,,,,,,,,,,,,,,,,,,,,,,
7025,C30-7,42446,8/79,--,"To N&E 7025; ex-CSX 7025 < SBD 7025 < nee SCL 7025

7082
C30-7
43692
11/81
--
To N&E 7082; ex-CSX 7082 < SBD 7082 < nee SCL 7082

7123
PL15B
--
2009
--
Re-eng'd w/CAT 1560 Tier 3

7124
PL15B
EMD 7526
4/49
--
NW2; ex-Laurinburg & Southern 126 < nee Union RR 546  

8127
PL15B:4RS
EMD 7510
8/49
--
NW2; ex-Laurinburg & Southern 116 < nee Union RR 463  

8128
GP9/10 ?
EMD 
--
Vulcan
NW2; ex-Laurinburg & Southern 116 < nee Union RR 465  

8129
GP9m
EMD 
--
--
NW2; ex-Laurinburg & Southern 116 < nee Union RR 465  

9595
S4m
Alco --
--
Tyson
--

9688
S2m
Alco --
--
--
--

9697
DRS 44-1500m
BLW --
--
Weyerhauser
Ex-NS

9698
S2m
Alco 76157
8/48
Weyerhauser
Remote controlled; ex-HB&T

10131
--
--
--
Sweet Bran
--

12132
GP9 ?
--
--
Sweet Bran
--

13133
SW1200 ?
--
--
CertainTeed
--

14135
SW10
EMD 16638
5/52
""Big Joe""
ex-UP 1272 < nee WP 603

14136
SW8
EMD 13289
11/50
--
Ex-Birmingham Southern 381 < nee Tenn. Coal & Iron

15140
SW1
EMD 3225
10/45
Koch Farms
Ex-Republic Steel 301

96101
S2m
Alco
--
Waste Management
--

98106
S4m
Alco
--
Bunge N.A.
Re-eng'd by Johnson Rwy Services

Abbreviations

Alco - American Locomotive Company 
GE - General Electric
EMD - Electro-Motive Division
KGB&W - Kewaunnee Green Bay & Western
PLW - Peoria Locomotive Works
Plym - Plymouth Locomotive
TMERL - The Milwaukee Electric Rwy & light
Whit - Whitcomb Locomotive


Reference sources:
Flickr.com
Train Orders.com
LocoNotes II
RR Pictures Archives.com
 
Thanks to the following contributos (direct and indirect): Ken Ardinger, Matt Petersen, Randy Keller, 
Gareth MacDonald and Jay Reed",7082,C30-7,43692,11/81,--,"To N&E 7082; ex-CSX 7082 < SBD 7082 < nee SCL 7082

7123
PL15B
--
2009
--
Re-eng'd w/CAT 1560 Tier 3

7124
PL15B
EMD 7526
4/49
--
NW2; ex-Laurinburg & Southern 126 < nee Union RR 546  

8127
PL15B:4RS
EMD 7510
8/49
--
NW2; ex-Laurinburg & Southern 116 < nee Union RR 463  

8128
GP9/10 ?
EMD 
--
Vulcan
NW2; ex-Laurinburg & Southern 116 < nee Union RR 465  

8129
GP9m
EMD 
--
--
NW2; ex-Laurinburg & Southern 116 < nee Union RR 465  

9595
S4m
Alco --
--
Tyson
--

9688
S2m
Alco --
--
--
--

9697
DRS 44-1500m
BLW --
--
Weyerhauser
Ex-NS

9698
S2m
Alco 76157
8/48
Weyerhauser
Remote controlled; ex-HB&T

10131
--
--
--
Sweet Bran
--

12132
GP9 ?
--
--
Sweet Bran
--

13133
SW1200 ?
--
--
CertainTeed
--

14135
SW10
EMD 16638
5/52
""Big Joe""
ex-UP 1272 < nee WP 603

14136
SW8
EMD 13289
11/50
--
Ex-Birmingham Southern 381 < nee Tenn. Coal & Iron

15140
SW1
EMD 3225
10/45
Koch Farms
Ex-Republic Steel 301

96101
S2m
Alco
--
Waste Management
--

98106
S4m
Alco
--
Bunge N.A.
Re-eng'd by Johnson Rwy Services

Abbreviations

Alco - American Locomotive Company 
GE - General Electric
EMD - Electro-Motive Division
KGB&W - Kewaunnee Green Bay & Western
PLW - Peoria Locomotive Works
Plym - Plymouth Locomotive
TMERL - The Milwaukee Electric Rwy & light
Whit - Whitcomb Locomotive


Reference sources:
Flickr.com
Train Orders.com
LocoNotes II
RR Pictures Archives.com
 
Thanks to the following contributos (direct and indirect): Ken Ardinger, Matt Petersen, Randy Keller, 
Gareth MacDonald and Jay Reed",7123,PL15B,--,2009,--,Re-eng'd w/CAT 1560 Tier 3,7124,PL15B,EMD 7526,4/49,--,NW2; ex-Laurinburg & Southern 126 < nee Union RR 546,8127,PL15B:4RS,EMD 7510,8/49,--,NW2; ex-Laurinburg & Southern 116 < nee Union RR 463,8128,GP9/10 ?,EMD,--,Vulcan,NW2; ex-Laurinburg & Southern 116 < nee Union RR 465,8129,GP9m,EMD,--,--,NW2; ex-Laurinburg & Southern 116 < nee Union RR 465,9595,S4m,Alco --,--,Tyson,--,9688,S2m,Alco --,--,--,--,9697,DRS 44-1500m,BLW --,--,Weyerhauser,Ex-NS,9698,S2m,Alco 76157,8/48,Weyerhauser,"Remote controlled; ex-HB&T

10131
--
--
--
Sweet Bran
--

12132
GP9 ?
--
--
Sweet Bran
--

13133
SW1200 ?
--
--
CertainTeed
--

14135
SW10
EMD 16638
5/52
""Big Joe""
ex-UP 1272 < nee WP 603

14136
SW8
EMD 13289
11/50
--
Ex-Birmingham Southern 381 < nee Tenn. Coal & Iron

15140
SW1
EMD 3225
10/45
Koch Farms
Ex-Republic Steel 301

96101
S2m
Alco
--
Waste Management
--

98106
S4m
Alco
--
Bunge N.A.
Re-eng'd by Johnson Rwy Services

Abbreviations

Alco - American Locomotive Company 
GE - General Electric
EMD - Electro-Motive Division
KGB&W - Kewaunnee Green Bay & Western
PLW - Peoria Locomotive Works
Plym - Plymouth Locomotive
TMERL - The Milwaukee Electric Rwy & light
Whit - Whitcomb Locomotive


Reference sources:
Flickr.com
Train Orders.com
LocoNotes II
RR Pictures Archives.com
 
Thanks to the following contributos (direct and indirect): Ken Ardinger, Matt Petersen, Randy Keller, 
Gareth MacDonald and Jay Reed",10131,--,--,--,Sweet Bran,"--

12132
GP9 ?
--
--
Sweet Bran
--

13133
SW1200 ?
--
--
CertainTeed
--

14135
SW10
EMD 16638
5/52
""Big Joe""
ex-UP 1272 < nee WP 603

14136
SW8
EMD 13289
11/50
--
Ex-Birmingham Southern 381 < nee Tenn. Coal & Iron

15140
SW1
EMD 3225
10/45
Koch Farms
Ex-Republic Steel 301

96101
S2m
Alco
--
Waste Management
--

98106
S4m
Alco
--
Bunge N.A.
Re-eng'd by Johnson Rwy Services

Abbreviations

Alco - American Locomotive Company 
GE - General Electric
EMD - Electro-Motive Division
KGB&W - Kewaunnee Green Bay & Western
PLW - Peoria Locomotive Works
Plym - Plymouth Locomotive
TMERL - The Milwaukee Electric Rwy & light
Whit - Whitcomb Locomotive


Reference sources:
Flickr.com
Train Orders.com
LocoNotes II
RR Pictures Archives.com
 
Thanks to the following contributos (direct and indirect): Ken Ardinger, Matt Petersen, Randy Keller, 
Gareth MacDonald and Jay Reed",12132,GP9 ?,--,--,Sweet Bran,"--

13133
SW1200 ?
--
--
CertainTeed
--

14135
SW10
EMD 16638
5/52
""Big Joe""
ex-UP 1272 < nee WP 603

14136
SW8
EMD 13289
11/50
--
Ex-Birmingham Southern 381 < nee Tenn. Coal & Iron

15140
SW1
EMD 3225
10/45
Koch Farms
Ex-Republic Steel 301

96101
S2m
Alco
--
Waste Management
--

98106
S4m
Alco
--
Bunge N.A.
Re-eng'd by Johnson Rwy Services

Abbreviations

Alco - American Locomotive Company 
GE - General Electric
EMD - Electro-Motive Division
KGB&W - Kewaunnee Green Bay & Western
PLW - Peoria Locomotive Works
Plym - Plymouth Locomotive
TMERL - The Milwaukee Electric Rwy & light
Whit - Whitcomb Locomotive


Reference sources:
Flickr.com
Train Orders.com
LocoNotes II
RR Pictures Archives.com
 
Thanks to the following contributos (direct and indirect): Ken Ardinger, Matt Petersen, Randy Keller, 
Gareth MacDonald and Jay Reed",13133,SW1200 ?,--,--,CertainTeed,"--

14135
SW10
EMD 16638
5/52
""Big Joe""
ex-UP 1272 < nee WP 603

14136
SW8
EMD 13289
11/50
--
Ex-Birmingham Southern 381 < nee Tenn. Coal & Iron

15140
SW1
EMD 3225
10/45
Koch Farms
Ex-Republic Steel 301

96101
S2m
Alco
--
Waste Management
--

98106
S4m
Alco
--
Bunge N.A.
Re-eng'd by Johnson Rwy Services

Abbreviations

Alco - American Locomotive Company 
GE - General Electric
EMD - Electro-Motive Division
KGB&W - Kewaunnee Green Bay & Western
PLW - Peoria Locomotive Works
Plym - Plymouth Locomotive
TMERL - The Milwaukee Electric Rwy & light
Whit - Whitcomb Locomotive


Reference sources:
Flickr.com
Train Orders.com
LocoNotes II
RR Pictures Archives.com
 
Thanks to the following contributos (direct and indirect): Ken Ardinger, Matt Petersen, Randy Keller, 
Gareth MacDonald and Jay Reed",14135,SW10,EMD 16638,5/52,"""Big Joe""","ex-UP 1272 < nee WP 603

14136
SW8
EMD 13289
11/50
--
Ex-Birmingham Southern 381 < nee Tenn. Coal & Iron

15140
SW1
EMD 3225
10/45
Koch Farms
Ex-Republic Steel 301

96101
S2m
Alco
--
Waste Management
--

98106
S4m
Alco
--
Bunge N.A.
Re-eng'd by Johnson Rwy Services

Abbreviations

Alco - American Locomotive Company 
GE - General Electric
EMD - Electro-Motive Division
KGB&W - Kewaunnee Green Bay & Western
PLW - Peoria Locomotive Works
Plym - Plymouth Locomotive
TMERL - The Milwaukee Electric Rwy & light
Whit - Whitcomb Locomotive


Reference sources:
Flickr.com
Train Orders.com
LocoNotes II
RR Pictures Archives.com
 
Thanks to the following contributos (direct and indirect): Ken Ardinger, Matt Petersen, Randy Keller, 
Gareth MacDonald and Jay Reed",14136,SW8,EMD 13289,11/50,--,"Ex-Birmingham Southern 381 < nee Tenn. Coal & Iron

15140
SW1
EMD 3225
10/45
Koch Farms
Ex-Republic Steel 301

96101
S2m
Alco
--
Waste Management
--

98106
S4m
Alco
--
Bunge N.A.
Re-eng'd by Johnson Rwy Services

Abbreviations

Alco - American Locomotive Company 
GE - General Electric
EMD - Electro-Motive Division
KGB&W - Kewaunnee Green Bay & Western
PLW - Peoria Locomotive Works
Plym - Plymouth Locomotive
TMERL - The Milwaukee Electric Rwy & light
Whit - Whitcomb Locomotive


Reference sources:
Flickr.com
Train Orders.com
LocoNotes II
RR Pictures Archives.com
 
Thanks to the following contributos (direct and indirect): Ken Ardinger, Matt Petersen, Randy Keller, 
Gareth MacDonald and Jay Reed",15140,SW1,EMD 3225,10/45,Koch Farms,"Ex-Republic Steel 301

96101
S2m
Alco
--
Waste Management
--

98106
S4m
Alco
--
Bunge N.A.
Re-eng'd by Johnson Rwy Services

Abbreviations

Alco - American Locomotive Company 
GE - General Electric
EMD - Electro-Motive Division
KGB&W - Kewaunnee Green Bay & Western
PLW - Peoria Locomotive Works
Plym - Plymouth Locomotive
TMERL - The Milwaukee Electric Rwy & light
Whit - Whitcomb Locomotive


Reference sources:
Flickr.com
Train Orders.com
LocoNotes II
RR Pictures Archives.com
 
Thanks to the following contributos (direct and indirect): Ken Ardinger, Matt Petersen, Randy Keller, 
Gareth MacDonald and Jay Reed",96101,S2m,Alco,--,Waste Management,"--

98106
S4m
Alco
--
Bunge N.A.
Re-eng'd by Johnson Rwy Services

Abbreviations

Alco - American Locomotive Company 
GE - General Electric
EMD - Electro-Motive Division
KGB&W - Kewaunnee Green Bay & Western
PLW - Peoria Locomotive Works
Plym - Plymouth Locomotive
TMERL - The Milwaukee Electric Rwy & light
Whit - Whitcomb Locomotive


Reference sources:
Flickr.com
Train Orders.com
LocoNotes II
RR Pictures Archives.com
 
Thanks to the following contributos (direct and indirect): Ken Ardinger, Matt Petersen, Randy Keller, 
Gareth MacDonald and Jay Reed",98106,S4m,Alco,--,Bunge N.A.,"Re-eng'd by Johnson Rwy Services

Abbreviations

Alco - American Locomotive Company 
GE - General Electric
EMD - Electro-Motive Division
KGB&W - Kewaunnee Green Bay & Western
PLW - Peoria Locomotive Works
Plym - Plymouth Locomotive
TMERL - The Milwaukee Electric Rwy & light
Whit - Whitcomb Locomotive


Reference sources:
Flickr.com
Train Orders.com
LocoNotes II
RR Pictures Archives.com
 
Thanks to the following contributos (direct and indirect): Ken Ardinger, Matt Petersen, Randy Keller, 
Gareth MacDonald and Jay Reed","Abbreviations

Alco - American Locomotive Company 
GE - General Electric
EMD - Electro-Motive Division
KGB&W - Kewaunnee Green Bay & Western
PLW - Peoria Locomotive Works
Plym - Plymouth Locomotive
TMERL - The Milwaukee Electric Rwy & light
Whit - Whitcomb Locomotive","Reference sources:
Flickr.com
Train Orders.com
LocoNotes II
RR Pictures Archives.com
 
Thanks to the following contributos (direct and indirect): Ken Ardinger, Matt Petersen, Randy Keller, 
Gareth MacDonald and Jay Reed"
7082,C30-7,43692,11/81,--,"To N&E 7082; ex-CSX 7082 < SBD 7082 < nee SCL 7082

7123
PL15B
--
2009
--
Re-eng'd w/CAT 1560 Tier 3

7124
PL15B
EMD 7526
4/49
--
NW2; ex-Laurinburg & Southern 126 < nee Union RR 546  

8127
PL15B:4RS
EMD 7510
8/49
--
NW2; ex-Laurinburg & Southern 116 < nee Union RR 463  

8128
GP9/10 ?
EMD 
--
Vulcan
NW2; ex-Laurinburg & Southern 116 < nee Union RR 465  

8129
GP9m
EMD 
--
--
NW2; ex-Laurinburg & Southern 116 < nee Union RR 465  

9595
S4m
Alco --
--
Tyson
--

9688
S2m
Alco --
--
--
--

9697
DRS 44-1500m
BLW --
--
Weyerhauser
Ex-NS

9698
S2m
Alco 76157
8/48
Weyerhauser
Remote controlled; ex-HB&T

10131
--
--
--
Sweet Bran
--

12132
GP9 ?
--
--
Sweet Bran
--

13133
SW1200 ?
--
--
CertainTeed
--

14135
SW10
EMD 16638
5/52
""Big Joe""
ex-UP 1272 < nee WP 603

14136
SW8
EMD 13289
11/50
--
Ex-Birmingham Southern 381 < nee Tenn. Coal & Iron

15140
SW1
EMD 3225
10/45
Koch Farms
Ex-Republic Steel 301

96101
S2m
Alco
--
Waste Management
--

98106
S4m
Alco
--
Bunge N.A.
Re-eng'd by Johnson Rwy Services

Abbreviations

Alco - American Locomotive Company 
GE - General Electric
EMD - Electro-Motive Division
KGB&W - Kewaunnee Green Bay & Western
PLW - Peoria Locomotive Works
Plym - Plymouth Locomotive
TMERL - The Milwaukee Electric Rwy & light
Whit - Whitcomb Locomotive


Reference sources:
Flickr.com
Train Orders.com
LocoNotes II
RR Pictures Archives.com
 
Thanks to the following contributos (direct and indirect): Ken Ardinger, Matt Petersen, Randy Keller, 
Gareth MacDonald and Jay Reed",7123,PL15B,--,2009,--,Re-eng'd w/CAT 1560 Tier 3,7124,PL15B,EMD 7526,4/49,--,NW2; ex-Laurinburg & Southern 126 < nee Union RR 546,8127,PL15B:4RS,EMD 7510,8/49,--,NW2; ex-Laurinburg & Southern 116 < nee Union RR 463,8128,GP9/10 ?,EMD,--,Vulcan,NW2; ex-Laurinburg & Southern 116 < nee Union RR 465,8129,GP9m,EMD,--,--,NW2; ex-Laurinburg & Southern 116 < nee Union RR 465,9595,S4m,Alco --,--,Tyson,--,9688,S2m,Alco --,--,--,--,9697,DRS 44-1500m,BLW --,--,Weyerhauser,Ex-NS,9698,S2m,Alco 76157,8/48,Weyerhauser,"Remote controlled; ex-HB&T

10131
--
--
--
Sweet Bran
--

12132
GP9 ?
--
--
Sweet Bran
--

13133
SW1200 ?
--
--
CertainTeed
--

14135
SW10
EMD 16638
5/52
""Big Joe""
ex-UP 1272 < nee WP 603

14136
SW8
EMD 13289
11/50
--
Ex-Birmingham Southern 381 < nee Tenn. Coal & Iron

15140
SW1
EMD 3225
10/45
Koch Farms
Ex-Republic Steel 301

96101
S2m
Alco
--
Waste Management
--

98106
S4m
Alco
--
Bunge N.A.
Re-eng'd by Johnson Rwy Services

Abbreviations

Alco - American Locomotive Company 
GE - General Electric
EMD - Electro-Motive Division
KGB&W - Kewaunnee Green Bay & Western
PLW - Peoria Locomotive Works
Plym - Plymouth Locomotive
TMERL - The Milwaukee Electric Rwy & light
Whit - Whitcomb Locomotive


Reference sources:
Flickr.com
Train Orders.com
LocoNotes II
RR Pictures Archives.com
 
Thanks to the following contributos (direct and indirect): Ken Ardinger, Matt Petersen, Randy Keller, 
Gareth MacDonald and Jay Reed",10131,--,--,--,Sweet Bran,"--

12132
GP9 ?
--
--
Sweet Bran
--

13133
SW1200 ?
--
--
CertainTeed
--

14135
SW10
EMD 16638
5/52
""Big Joe""
ex-UP 1272 < nee WP 603

14136
SW8
EMD 13289
11/50
--
Ex-Birmingham Southern 381 < nee Tenn. Coal & Iron

15140
SW1
EMD 3225
10/45
Koch Farms
Ex-Republic Steel 301

96101
S2m
Alco
--
Waste Management
--

98106
S4m
Alco
--
Bunge N.A.
Re-eng'd by Johnson Rwy Services

Abbreviations

Alco - American Locomotive Company 
GE - General Electric
EMD - Electro-Motive Division
KGB&W - Kewaunnee Green Bay & Western
PLW - Peoria Locomotive Works
Plym - Plymouth Locomotive
TMERL - The Milwaukee Electric Rwy & light
Whit - Whitcomb Locomotive


Reference sources:
Flickr.com
Train Orders.com
LocoNotes II
RR Pictures Archives.com
 
Thanks to the following contributos (direct and indirect): Ken Ardinger, Matt Petersen, Randy Keller, 
Gareth MacDonald and Jay Reed",12132,GP9 ?,--,--,Sweet Bran,"--

13133
SW1200 ?
--
--
CertainTeed
--

14135
SW10
EMD 16638
5/52
""Big Joe""
ex-UP 1272 < nee WP 603

14136
SW8
EMD 13289
11/50
--
Ex-Birmingham Southern 381 < nee Tenn. Coal & Iron

15140
SW1
EMD 3225
10/45
Koch Farms
Ex-Republic Steel 301

96101
S2m
Alco
--
Waste Management
--

98106
S4m
Alco
--
Bunge N.A.
Re-eng'd by Johnson Rwy Services

Abbreviations

Alco - American Locomotive Company 
GE - General Electric
EMD - Electro-Motive Division
KGB&W - Kewaunnee Green Bay & Western
PLW - Peoria Locomotive Works
Plym - Plymouth Locomotive
TMERL - The Milwaukee Electric Rwy & light
Whit - Whitcomb Locomotive


Reference sources:
Flickr.com
Train Orders.com
LocoNotes II
RR Pictures Archives.com
 
Thanks to the following contributos (direct and indirect): Ken Ardinger, Matt Petersen, Randy Keller, 
Gareth MacDonald and Jay Reed",13133,SW1200 ?,--,--,CertainTeed,"--

14135
SW10
EMD 16638
5/52
""Big Joe""
ex-UP 1272 < nee WP 603

14136
SW8
EMD 13289
11/50
--
Ex-Birmingham Southern 381 < nee Tenn. Coal & Iron

15140
SW1
EMD 3225
10/45
Koch Farms
Ex-Republic Steel 301

96101
S2m
Alco
--
Waste Management
--

98106
S4m
Alco
--
Bunge N.A.
Re-eng'd by Johnson Rwy Services

Abbreviations

Alco - American Locomotive Company 
GE - General Electric
EMD - Electro-Motive Division
KGB&W - Kewaunnee Green Bay & Western
PLW - Peoria Locomotive Works
Plym - Plymouth Locomotive
TMERL - The Milwaukee Electric Rwy & light
Whit - Whitcomb Locomotive


Reference sources:
Flickr.com
Train Orders.com
LocoNotes II
RR Pictures Archives.com
 
Thanks to the following contributos (direct and indirect): Ken Ardinger, Matt Petersen, Randy Keller, 
Gareth MacDonald and Jay Reed",14135,SW10,EMD 16638,5/52,"""Big Joe""","ex-UP 1272 < nee WP 603

14136
SW8
EMD 13289
11/50
--
Ex-Birmingham Southern 381 < nee Tenn. Coal & Iron

15140
SW1
EMD 3225
10/45
Koch Farms
Ex-Republic Steel 301

96101
S2m
Alco
--
Waste Management
--

98106
S4m
Alco
--
Bunge N.A.
Re-eng'd by Johnson Rwy Services

Abbreviations

Alco - American Locomotive Company 
GE - General Electric
EMD - Electro-Motive Division
KGB&W - Kewaunnee Green Bay & Western
PLW - Peoria Locomotive Works
Plym - Plymouth Locomotive
TMERL - The Milwaukee Electric Rwy & light
Whit - Whitcomb Locomotive


Reference sources:
Flickr.com
Train Orders.com
LocoNotes II
RR Pictures Archives.com
 
Thanks to the following contributos (direct and indirect): Ken Ardinger, Matt Petersen, Randy Keller, 
Gareth MacDonald and Jay Reed",14136,SW8,EMD 13289,11/50,--,"Ex-Birmingham Southern 381 < nee Tenn. Coal & Iron

15140
SW1
EMD 3225
10/45
Koch Farms
Ex-Republic Steel 301

96101
S2m
Alco
--
Waste Management
--

98106
S4m
Alco
--
Bunge N.A.
Re-eng'd by Johnson Rwy Services

Abbreviations

Alco - American Locomotive Company 
GE - General Electric
EMD - Electro-Motive Division
KGB&W - Kewaunnee Green Bay & Western
PLW - Peoria Locomotive Works
Plym - Plymouth Locomotive
TMERL - The Milwaukee Electric Rwy & light
Whit - Whitcomb Locomotive


Reference sources:
Flickr.com
Train Orders.com
LocoNotes II
RR Pictures Archives.com
 
Thanks to the following contributos (direct and indirect): Ken Ardinger, Matt Petersen, Randy Keller, 
Gareth MacDonald and Jay Reed",15140,SW1,EMD 3225,10/45,Koch Farms,"Ex-Republic Steel 301

96101
S2m
Alco
--
Waste Management
--

98106
S4m
Alco
--
Bunge N.A.
Re-eng'd by Johnson Rwy Services

Abbreviations

Alco - American Locomotive Company 
GE - General Electric
EMD - Electro-Motive Division
KGB&W - Kewaunnee Green Bay & Western
PLW - Peoria Locomotive Works
Plym - Plymouth Locomotive
TMERL - The Milwaukee Electric Rwy & light
Whit - Whitcomb Locomotive


Reference sources:
Flickr.com
Train Orders.com
LocoNotes II
RR Pictures Archives.com
 
Thanks to the following contributos (direct and indirect): Ken Ardinger, Matt Petersen, Randy Keller, 
Gareth MacDonald and Jay Reed",96101,S2m,Alco,--,Waste Management,"--

98106
S4m
Alco
--
Bunge N.A.
Re-eng'd by Johnson Rwy Services

Abbreviations

Alco - American Locomotive Company 
GE - General Electric
EMD - Electro-Motive Division
KGB&W - Kewaunnee Green Bay & Western
PLW - Peoria Locomotive Works
Plym - Plymouth Locomotive
TMERL - The Milwaukee Electric Rwy & light
Whit - Whitcomb Locomotive


Reference sources:
Flickr.com
Train Orders.com
LocoNotes II
RR Pictures Archives.com
 
Thanks to the following contributos (direct and indirect): Ken Ardinger, Matt Petersen, Randy Keller, 
Gareth MacDonald and Jay Reed",98106,S4m,Alco,--,Bunge N.A.,"Re-eng'd by Johnson Rwy Services

Abbreviations

Alco - American Locomotive Company 
GE - General Electric
EMD - Electro-Motive Division
KGB&W - Kewaunnee Green Bay & Western
PLW - Peoria Locomotive Works
Plym - Plymouth Locomotive
TMERL - The Milwaukee Electric Rwy & light
Whit - Whitcomb Locomotive


Reference sources:
Flickr.com
Train Orders.com
LocoNotes II
RR Pictures Archives.com
 
Thanks to the following contributos (direct and indirect): Ken Ardinger, Matt Petersen, Randy Keller, 
Gareth MacDonald and Jay Reed","Abbreviations

Alco - American Locomotive Company 
GE - General Electric
EMD - Electro-Motive Division
KGB&W - Kewaunnee Green Bay & Western
PLW - Peoria Locomotive Works
Plym - Plymouth Locomotive
TMERL - The Milwaukee Electric Rwy & light
Whit - Whitcomb Locomotive","Reference sources:
Flickr.com
Train Orders.com
LocoNotes II
RR Pictures Archives.com
 
Thanks to the following contributos (direct and indirect): Ken Ardinger, Matt Petersen, Randy Keller, 
Gareth MacDonald and Jay Reed",,,,,,
7123,PL15B,--,2009,--,Re-eng'd w/CAT 1560 Tier 3,,,,,,,,,,,,,,,,,,,,,,,,,,,,,,,,,,,,,,,,,,,,,,,,,,,,,,,,,,,,,,,,,,,,,,,,,,,,,,,,,,,,,,,,,,,,,,,,,,,,,,,,,,,,,,
7124,PL15B,EMD 7526,4/49,--,NW2; ex-Laurinburg & Southern 126 < nee Union RR 546,,,,,,,,,,,,,,,,,,,,,,,,,,,,,,,,,,,,,,,,,,,,,,,,,,,,,,,,,,,,,,,,,,,,,,,,,,,,,,,,,,,,,,,,,,,,,,,,,,,,,,,,,,,,,,
8127,PL15B:4RS,EMD 7510,8/49,--,NW2; ex-Laurinburg & Southern 116 < nee Union RR 463,,,,,,,,,,,,,,,,,,,,,,,,,,,,,,,,,,,,,,,,,,,,,,,,,,,,,,,,,,,,,,,,,,,,,,,,,,,,,,,,,,,,,,,,,,,,,,,,,,,,,,,,,,,,,,
8128,GP9/10 ?,EMD,--,Vulcan,NW2; ex-Laurinburg & Southern 116 < nee Union RR 465,,,,,,,,,,,,,,,,,,,,,,,,,,,,,,,,,,,,,,,,,,,,,,,,,,,,,,,,,,,,,,,,,,,,,,,,,,,,,,,,,,,,,,,,,,,,,,,,,,,,,,,,,,,,,,
8129,GP9m,EMD,--,--,NW2; ex-Laurinburg & Southern 116 < nee Union RR 465,,,,,,,,,,,,,,,,,,,,,,,,,,,,,,,,,,,,,,,,,,,,,,,,,,,,,,,,,,,,,,,,,,,,,,,,,,,,,,,,,,,,,,,,,,,,,,,,,,,,,,,,,,,,,,
9595,S4m,Alco --,--,Tyson,--,,,,,,,,,,,,,,,,,,,,,,,,,,,,,,,,,,,,,,,,,,,,,,,,,,,,,,,,,,,,,,,,,,,,,,,,,,,,,,,,,,,,,,,,,,,,,,,,,,,,,,,,,,,,,,
9688,S2m,Alco --,--,--,--,,,,,,,,,,,,,,,,,,,,,,,,,,,,,,,,,,,,,,,,,,,,,,,,,,,,,,,,,,,,,,,,,,,,,,,,,,,,,,,,,,,,,,,,,,,,,,,,,,,,,,,,,,,,,,
9697,DRS 44-1500m,BLW --,--,Weyerhauser,Ex-NS,,,,,,,,,,,,,,,,,,,,,,,,,,,,,,,,,,,,,,,,,,,,,,,,,,,,,,,,,,,,,,,,,,,,,,,,,,,,,,,,,,,,,,,,,,,,,,,,,,,,,,,,,,,,,,
9698,S2m,Alco 76157,8/48,Weyerhauser,"Remote controlled; ex-HB&T

10131
--
--
--
Sweet Bran
--

12132
GP9 ?
--
--
Sweet Bran
--

13133
SW1200 ?
--
--
CertainTeed
--

14135
SW10
EMD 16638
5/52
""Big Joe""
ex-UP 1272 < nee WP 603

14136
SW8
EMD 13289
11/50
--
Ex-Birmingham Southern 381 < nee Tenn. Coal & Iron

15140
SW1
EMD 3225
10/45
Koch Farms
Ex-Republic Steel 301

96101
S2m
Alco
--
Waste Management
--

98106
S4m
Alco
--
Bunge N.A.
Re-eng'd by Johnson Rwy Services

Abbreviations

Alco - American Locomotive Company 
GE - General Electric
EMD - Electro-Motive Division
KGB&W - Kewaunnee Green Bay & Western
PLW - Peoria Locomotive Works
Plym - Plymouth Locomotive
TMERL - The Milwaukee Electric Rwy & light
Whit - Whitcomb Locomotive


Reference sources:
Flickr.com
Train Orders.com
LocoNotes II
RR Pictures Archives.com
 
Thanks to the following contributos (direct and indirect): Ken Ardinger, Matt Petersen, Randy Keller, 
Gareth MacDonald and Jay Reed",10131,--,--,--,Sweet Bran,"--

12132
GP9 ?
--
--
Sweet Bran
--

13133
SW1200 ?
--
--
CertainTeed
--

14135
SW10
EMD 16638
5/52
""Big Joe""
ex-UP 1272 < nee WP 603

14136
SW8
EMD 13289
11/50
--
Ex-Birmingham Southern 381 < nee Tenn. Coal & Iron

15140
SW1
EMD 3225
10/45
Koch Farms
Ex-Republic Steel 301

96101
S2m
Alco
--
Waste Management
--

98106
S4m
Alco
--
Bunge N.A.
Re-eng'd by Johnson Rwy Services

Abbreviations

Alco - American Locomotive Company 
GE - General Electric
EMD - Electro-Motive Division
KGB&W - Kewaunnee Green Bay & Western
PLW - Peoria Locomotive Works
Plym - Plymouth Locomotive
TMERL - The Milwaukee Electric Rwy & light
Whit - Whitcomb Locomotive


Reference sources:
Flickr.com
Train Orders.com
LocoNotes II
RR Pictures Archives.com
 
Thanks to the following contributos (direct and indirect): Ken Ardinger, Matt Petersen, Randy Keller, 
Gareth MacDonald and Jay Reed",12132,GP9 ?,--,--,Sweet Bran,"--

13133
SW1200 ?
--
--
CertainTeed
--

14135
SW10
EMD 16638
5/52
""Big Joe""
ex-UP 1272 < nee WP 603

14136
SW8
EMD 13289
11/50
--
Ex-Birmingham Southern 381 < nee Tenn. Coal & Iron

15140
SW1
EMD 3225
10/45
Koch Farms
Ex-Republic Steel 301

96101
S2m
Alco
--
Waste Management
--

98106
S4m
Alco
--
Bunge N.A.
Re-eng'd by Johnson Rwy Services

Abbreviations

Alco - American Locomotive Company 
GE - General Electric
EMD - Electro-Motive Division
KGB&W - Kewaunnee Green Bay & Western
PLW - Peoria Locomotive Works
Plym - Plymouth Locomotive
TMERL - The Milwaukee Electric Rwy & light
Whit - Whitcomb Locomotive


Reference sources:
Flickr.com
Train Orders.com
LocoNotes II
RR Pictures Archives.com
 
Thanks to the following contributos (direct and indirect): Ken Ardinger, Matt Petersen, Randy Keller, 
Gareth MacDonald and Jay Reed",13133,SW1200 ?,--,--,CertainTeed,"--

14135
SW10
EMD 16638
5/52
""Big Joe""
ex-UP 1272 < nee WP 603

14136
SW8
EMD 13289
11/50
--
Ex-Birmingham Southern 381 < nee Tenn. Coal & Iron

15140
SW1
EMD 3225
10/45
Koch Farms
Ex-Republic Steel 301

96101
S2m
Alco
--
Waste Management
--

98106
S4m
Alco
--
Bunge N.A.
Re-eng'd by Johnson Rwy Services

Abbreviations

Alco - American Locomotive Company 
GE - General Electric
EMD - Electro-Motive Division
KGB&W - Kewaunnee Green Bay & Western
PLW - Peoria Locomotive Works
Plym - Plymouth Locomotive
TMERL - The Milwaukee Electric Rwy & light
Whit - Whitcomb Locomotive


Reference sources:
Flickr.com
Train Orders.com
LocoNotes II
RR Pictures Archives.com
 
Thanks to the following contributos (direct and indirect): Ken Ardinger, Matt Petersen, Randy Keller, 
Gareth MacDonald and Jay Reed",14135,SW10,EMD 16638,5/52,"""Big Joe""","ex-UP 1272 < nee WP 603

14136
SW8
EMD 13289
11/50
--
Ex-Birmingham Southern 381 < nee Tenn. Coal & Iron

15140
SW1
EMD 3225
10/45
Koch Farms
Ex-Republic Steel 301

96101
S2m
Alco
--
Waste Management
--

98106
S4m
Alco
--
Bunge N.A.
Re-eng'd by Johnson Rwy Services

Abbreviations

Alco - American Locomotive Company 
GE - General Electric
EMD - Electro-Motive Division
KGB&W - Kewaunnee Green Bay & Western
PLW - Peoria Locomotive Works
Plym - Plymouth Locomotive
TMERL - The Milwaukee Electric Rwy & light
Whit - Whitcomb Locomotive


Reference sources:
Flickr.com
Train Orders.com
LocoNotes II
RR Pictures Archives.com
 
Thanks to the following contributos (direct and indirect): Ken Ardinger, Matt Petersen, Randy Keller, 
Gareth MacDonald and Jay Reed",14136,SW8,EMD 13289,11/50,--,"Ex-Birmingham Southern 381 < nee Tenn. Coal & Iron

15140
SW1
EMD 3225
10/45
Koch Farms
Ex-Republic Steel 301

96101
S2m
Alco
--
Waste Management
--

98106
S4m
Alco
--
Bunge N.A.
Re-eng'd by Johnson Rwy Services

Abbreviations

Alco - American Locomotive Company 
GE - General Electric
EMD - Electro-Motive Division
KGB&W - Kewaunnee Green Bay & Western
PLW - Peoria Locomotive Works
Plym - Plymouth Locomotive
TMERL - The Milwaukee Electric Rwy & light
Whit - Whitcomb Locomotive


Reference sources:
Flickr.com
Train Orders.com
LocoNotes II
RR Pictures Archives.com
 
Thanks to the following contributos (direct and indirect): Ken Ardinger, Matt Petersen, Randy Keller, 
Gareth MacDonald and Jay Reed",15140,SW1,EMD 3225,10/45,Koch Farms,"Ex-Republic Steel 301

96101
S2m
Alco
--
Waste Management
--

98106
S4m
Alco
--
Bunge N.A.
Re-eng'd by Johnson Rwy Services

Abbreviations

Alco - American Locomotive Company 
GE - General Electric
EMD - Electro-Motive Division
KGB&W - Kewaunnee Green Bay & Western
PLW - Peoria Locomotive Works
Plym - Plymouth Locomotive
TMERL - The Milwaukee Electric Rwy & light
Whit - Whitcomb Locomotive


Reference sources:
Flickr.com
Train Orders.com
LocoNotes II
RR Pictures Archives.com
 
Thanks to the following contributos (direct and indirect): Ken Ardinger, Matt Petersen, Randy Keller, 
Gareth MacDonald and Jay Reed",96101,S2m,Alco,--,Waste Management,"--

98106
S4m
Alco
--
Bunge N.A.
Re-eng'd by Johnson Rwy Services

Abbreviations

Alco - American Locomotive Company 
GE - General Electric
EMD - Electro-Motive Division
KGB&W - Kewaunnee Green Bay & Western
PLW - Peoria Locomotive Works
Plym - Plymouth Locomotive
TMERL - The Milwaukee Electric Rwy & light
Whit - Whitcomb Locomotive


Reference sources:
Flickr.com
Train Orders.com
LocoNotes II
RR Pictures Archives.com
 
Thanks to the following contributos (direct and indirect): Ken Ardinger, Matt Petersen, Randy Keller, 
Gareth MacDonald and Jay Reed",98106,S4m,Alco,--,Bunge N.A.,"Re-eng'd by Johnson Rwy Services

Abbreviations

Alco - American Locomotive Company 
GE - General Electric
EMD - Electro-Motive Division
KGB&W - Kewaunnee Green Bay & Western
PLW - Peoria Locomotive Works
Plym - Plymouth Locomotive
TMERL - The Milwaukee Electric Rwy & light
Whit - Whitcomb Locomotive


Reference sources:
Flickr.com
Train Orders.com
LocoNotes II
RR Pictures Archives.com
 
Thanks to the following contributos (direct and indirect): Ken Ardinger, Matt Petersen, Randy Keller, 
Gareth MacDonald and Jay Reed","Abbreviations

Alco - American Locomotive Company 
GE - General Electric
EMD - Electro-Motive Division
KGB&W - Kewaunnee Green Bay & Western
PLW - Peoria Locomotive Works
Plym - Plymouth Locomotive
TMERL - The Milwaukee Electric Rwy & light
Whit - Whitcomb Locomotive","Reference sources:
Flickr.com
Train Orders.com
LocoNotes II
RR Pictures Archives.com
 
Thanks to the following contributos (direct and indirect): Ken Ardinger, Matt Petersen, Randy Keller, 
Gareth MacDonald and Jay Reed",,,,,,,,,,,,,,,,,,,,,,,,,,,,,,,,,,,,,,,,,,,,,,,,,,,,,,,,,,,,
10131,--,--,--,Sweet Bran,"--

12132
GP9 ?
--
--
Sweet Bran
--

13133
SW1200 ?
--
--
CertainTeed
--

14135
SW10
EMD 16638
5/52
""Big Joe""
ex-UP 1272 < nee WP 603

14136
SW8
EMD 13289
11/50
--
Ex-Birmingham Southern 381 < nee Tenn. Coal & Iron

15140
SW1
EMD 3225
10/45
Koch Farms
Ex-Republic Steel 301

96101
S2m
Alco
--
Waste Management
--

98106
S4m
Alco
--
Bunge N.A.
Re-eng'd by Johnson Rwy Services

Abbreviations

Alco - American Locomotive Company 
GE - General Electric
EMD - Electro-Motive Division
KGB&W - Kewaunnee Green Bay & Western
PLW - Peoria Locomotive Works
Plym - Plymouth Locomotive
TMERL - The Milwaukee Electric Rwy & light
Whit - Whitcomb Locomotive


Reference sources:
Flickr.com
Train Orders.com
LocoNotes II
RR Pictures Archives.com
 
Thanks to the following contributos (direct and indirect): Ken Ardinger, Matt Petersen, Randy Keller, 
Gareth MacDonald and Jay Reed",12132,GP9 ?,--,--,Sweet Bran,"--

13133
SW1200 ?
--
--
CertainTeed
--

14135
SW10
EMD 16638
5/52
""Big Joe""
ex-UP 1272 < nee WP 603

14136
SW8
EMD 13289
11/50
--
Ex-Birmingham Southern 381 < nee Tenn. Coal & Iron

15140
SW1
EMD 3225
10/45
Koch Farms
Ex-Republic Steel 301

96101
S2m
Alco
--
Waste Management
--

98106
S4m
Alco
--
Bunge N.A.
Re-eng'd by Johnson Rwy Services

Abbreviations

Alco - American Locomotive Company 
GE - General Electric
EMD - Electro-Motive Division
KGB&W - Kewaunnee Green Bay & Western
PLW - Peoria Locomotive Works
Plym - Plymouth Locomotive
TMERL - The Milwaukee Electric Rwy & light
Whit - Whitcomb Locomotive


Reference sources:
Flickr.com
Train Orders.com
LocoNotes II
RR Pictures Archives.com
 
Thanks to the following contributos (direct and indirect): Ken Ardinger, Matt Petersen, Randy Keller, 
Gareth MacDonald and Jay Reed",13133,SW1200 ?,--,--,CertainTeed,"--

14135
SW10
EMD 16638
5/52
""Big Joe""
ex-UP 1272 < nee WP 603

14136
SW8
EMD 13289
11/50
--
Ex-Birmingham Southern 381 < nee Tenn. Coal & Iron

15140
SW1
EMD 3225
10/45
Koch Farms
Ex-Republic Steel 301

96101
S2m
Alco
--
Waste Management
--

98106
S4m
Alco
--
Bunge N.A.
Re-eng'd by Johnson Rwy Services

Abbreviations

Alco - American Locomotive Company 
GE - General Electric
EMD - Electro-Motive Division
KGB&W - Kewaunnee Green Bay & Western
PLW - Peoria Locomotive Works
Plym - Plymouth Locomotive
TMERL - The Milwaukee Electric Rwy & light
Whit - Whitcomb Locomotive


Reference sources:
Flickr.com
Train Orders.com
LocoNotes II
RR Pictures Archives.com
 
Thanks to the following contributos (direct and indirect): Ken Ardinger, Matt Petersen, Randy Keller, 
Gareth MacDonald and Jay Reed",14135,SW10,EMD 16638,5/52,"""Big Joe""","ex-UP 1272 < nee WP 603

14136
SW8
EMD 13289
11/50
--
Ex-Birmingham Southern 381 < nee Tenn. Coal & Iron

15140
SW1
EMD 3225
10/45
Koch Farms
Ex-Republic Steel 301

96101
S2m
Alco
--
Waste Management
--

98106
S4m
Alco
--
Bunge N.A.
Re-eng'd by Johnson Rwy Services

Abbreviations

Alco - American Locomotive Company 
GE - General Electric
EMD - Electro-Motive Division
KGB&W - Kewaunnee Green Bay & Western
PLW - Peoria Locomotive Works
Plym - Plymouth Locomotive
TMERL - The Milwaukee Electric Rwy & light
Whit - Whitcomb Locomotive


Reference sources:
Flickr.com
Train Orders.com
LocoNotes II
RR Pictures Archives.com
 
Thanks to the following contributos (direct and indirect): Ken Ardinger, Matt Petersen, Randy Keller, 
Gareth MacDonald and Jay Reed",14136,SW8,EMD 13289,11/50,--,"Ex-Birmingham Southern 381 < nee Tenn. Coal & Iron

15140
SW1
EMD 3225
10/45
Koch Farms
Ex-Republic Steel 301

96101
S2m
Alco
--
Waste Management
--

98106
S4m
Alco
--
Bunge N.A.
Re-eng'd by Johnson Rwy Services

Abbreviations

Alco - American Locomotive Company 
GE - General Electric
EMD - Electro-Motive Division
KGB&W - Kewaunnee Green Bay & Western
PLW - Peoria Locomotive Works
Plym - Plymouth Locomotive
TMERL - The Milwaukee Electric Rwy & light
Whit - Whitcomb Locomotive


Reference sources:
Flickr.com
Train Orders.com
LocoNotes II
RR Pictures Archives.com
 
Thanks to the following contributos (direct and indirect): Ken Ardinger, Matt Petersen, Randy Keller, 
Gareth MacDonald and Jay Reed",15140,SW1,EMD 3225,10/45,Koch Farms,"Ex-Republic Steel 301

96101
S2m
Alco
--
Waste Management
--

98106
S4m
Alco
--
Bunge N.A.
Re-eng'd by Johnson Rwy Services

Abbreviations

Alco - American Locomotive Company 
GE - General Electric
EMD - Electro-Motive Division
KGB&W - Kewaunnee Green Bay & Western
PLW - Peoria Locomotive Works
Plym - Plymouth Locomotive
TMERL - The Milwaukee Electric Rwy & light
Whit - Whitcomb Locomotive


Reference sources:
Flickr.com
Train Orders.com
LocoNotes II
RR Pictures Archives.com
 
Thanks to the following contributos (direct and indirect): Ken Ardinger, Matt Petersen, Randy Keller, 
Gareth MacDonald and Jay Reed",96101,S2m,Alco,--,Waste Management,"--

98106
S4m
Alco
--
Bunge N.A.
Re-eng'd by Johnson Rwy Services

Abbreviations

Alco - American Locomotive Company 
GE - General Electric
EMD - Electro-Motive Division
KGB&W - Kewaunnee Green Bay & Western
PLW - Peoria Locomotive Works
Plym - Plymouth Locomotive
TMERL - The Milwaukee Electric Rwy & light
Whit - Whitcomb Locomotive


Reference sources:
Flickr.com
Train Orders.com
LocoNotes II
RR Pictures Archives.com
 
Thanks to the following contributos (direct and indirect): Ken Ardinger, Matt Petersen, Randy Keller, 
Gareth MacDonald and Jay Reed",98106,S4m,Alco,--,Bunge N.A.,"Re-eng'd by Johnson Rwy Services

Abbreviations

Alco - American Locomotive Company 
GE - General Electric
EMD - Electro-Motive Division
KGB&W - Kewaunnee Green Bay & Western
PLW - Peoria Locomotive Works
Plym - Plymouth Locomotive
TMERL - The Milwaukee Electric Rwy & light
Whit - Whitcomb Locomotive


Reference sources:
Flickr.com
Train Orders.com
LocoNotes II
RR Pictures Archives.com
 
Thanks to the following contributos (direct and indirect): Ken Ardinger, Matt Petersen, Randy Keller, 
Gareth MacDonald and Jay Reed","Abbreviations

Alco - American Locomotive Company 
GE - General Electric
EMD - Electro-Motive Division
KGB&W - Kewaunnee Green Bay & Western
PLW - Peoria Locomotive Works
Plym - Plymouth Locomotive
TMERL - The Milwaukee Electric Rwy & light
Whit - Whitcomb Locomotive","Reference sources:
Flickr.com
Train Orders.com
LocoNotes II
RR Pictures Archives.com
 
Thanks to the following contributos (direct and indirect): Ken Ardinger, Matt Petersen, Randy Keller, 
Gareth MacDonald and Jay Reed",,,,,,,,,,,,,,,,,,,,,,,,,,,,,,,,,,,,,,,,,,,,,,,,,,,,,,,,,,,,,,,,,,
12132,GP9 ?,--,--,Sweet Bran,"--

13133
SW1200 ?
--
--
CertainTeed
--

14135
SW10
EMD 16638
5/52
""Big Joe""
ex-UP 1272 < nee WP 603

14136
SW8
EMD 13289
11/50
--
Ex-Birmingham Southern 381 < nee Tenn. Coal & Iron

15140
SW1
EMD 3225
10/45
Koch Farms
Ex-Republic Steel 301

96101
S2m
Alco
--
Waste Management
--

98106
S4m
Alco
--
Bunge N.A.
Re-eng'd by Johnson Rwy Services

Abbreviations

Alco - American Locomotive Company 
GE - General Electric
EMD - Electro-Motive Division
KGB&W - Kewaunnee Green Bay & Western
PLW - Peoria Locomotive Works
Plym - Plymouth Locomotive
TMERL - The Milwaukee Electric Rwy & light
Whit - Whitcomb Locomotive


Reference sources:
Flickr.com
Train Orders.com
LocoNotes II
RR Pictures Archives.com
 
Thanks to the following contributos (direct and indirect): Ken Ardinger, Matt Petersen, Randy Keller, 
Gareth MacDonald and Jay Reed",13133,SW1200 ?,--,--,CertainTeed,"--

14135
SW10
EMD 16638
5/52
""Big Joe""
ex-UP 1272 < nee WP 603

14136
SW8
EMD 13289
11/50
--
Ex-Birmingham Southern 381 < nee Tenn. Coal & Iron

15140
SW1
EMD 3225
10/45
Koch Farms
Ex-Republic Steel 301

96101
S2m
Alco
--
Waste Management
--

98106
S4m
Alco
--
Bunge N.A.
Re-eng'd by Johnson Rwy Services

Abbreviations

Alco - American Locomotive Company 
GE - General Electric
EMD - Electro-Motive Division
KGB&W - Kewaunnee Green Bay & Western
PLW - Peoria Locomotive Works
Plym - Plymouth Locomotive
TMERL - The Milwaukee Electric Rwy & light
Whit - Whitcomb Locomotive


Reference sources:
Flickr.com
Train Orders.com
LocoNotes II
RR Pictures Archives.com
 
Thanks to the following contributos (direct and indirect): Ken Ardinger, Matt Petersen, Randy Keller, 
Gareth MacDonald and Jay Reed",14135,SW10,EMD 16638,5/52,"""Big Joe""","ex-UP 1272 < nee WP 603

14136
SW8
EMD 13289
11/50
--
Ex-Birmingham Southern 381 < nee Tenn. Coal & Iron

15140
SW1
EMD 3225
10/45
Koch Farms
Ex-Republic Steel 301

96101
S2m
Alco
--
Waste Management
--

98106
S4m
Alco
--
Bunge N.A.
Re-eng'd by Johnson Rwy Services

Abbreviations

Alco - American Locomotive Company 
GE - General Electric
EMD - Electro-Motive Division
KGB&W - Kewaunnee Green Bay & Western
PLW - Peoria Locomotive Works
Plym - Plymouth Locomotive
TMERL - The Milwaukee Electric Rwy & light
Whit - Whitcomb Locomotive


Reference sources:
Flickr.com
Train Orders.com
LocoNotes II
RR Pictures Archives.com
 
Thanks to the following contributos (direct and indirect): Ken Ardinger, Matt Petersen, Randy Keller, 
Gareth MacDonald and Jay Reed",14136,SW8,EMD 13289,11/50,--,"Ex-Birmingham Southern 381 < nee Tenn. Coal & Iron

15140
SW1
EMD 3225
10/45
Koch Farms
Ex-Republic Steel 301

96101
S2m
Alco
--
Waste Management
--

98106
S4m
Alco
--
Bunge N.A.
Re-eng'd by Johnson Rwy Services

Abbreviations

Alco - American Locomotive Company 
GE - General Electric
EMD - Electro-Motive Division
KGB&W - Kewaunnee Green Bay & Western
PLW - Peoria Locomotive Works
Plym - Plymouth Locomotive
TMERL - The Milwaukee Electric Rwy & light
Whit - Whitcomb Locomotive


Reference sources:
Flickr.com
Train Orders.com
LocoNotes II
RR Pictures Archives.com
 
Thanks to the following contributos (direct and indirect): Ken Ardinger, Matt Petersen, Randy Keller, 
Gareth MacDonald and Jay Reed",15140,SW1,EMD 3225,10/45,Koch Farms,"Ex-Republic Steel 301

96101
S2m
Alco
--
Waste Management
--

98106
S4m
Alco
--
Bunge N.A.
Re-eng'd by Johnson Rwy Services

Abbreviations

Alco - American Locomotive Company 
GE - General Electric
EMD - Electro-Motive Division
KGB&W - Kewaunnee Green Bay & Western
PLW - Peoria Locomotive Works
Plym - Plymouth Locomotive
TMERL - The Milwaukee Electric Rwy & light
Whit - Whitcomb Locomotive


Reference sources:
Flickr.com
Train Orders.com
LocoNotes II
RR Pictures Archives.com
 
Thanks to the following contributos (direct and indirect): Ken Ardinger, Matt Petersen, Randy Keller, 
Gareth MacDonald and Jay Reed",96101,S2m,Alco,--,Waste Management,"--

98106
S4m
Alco
--
Bunge N.A.
Re-eng'd by Johnson Rwy Services

Abbreviations

Alco - American Locomotive Company 
GE - General Electric
EMD - Electro-Motive Division
KGB&W - Kewaunnee Green Bay & Western
PLW - Peoria Locomotive Works
Plym - Plymouth Locomotive
TMERL - The Milwaukee Electric Rwy & light
Whit - Whitcomb Locomotive


Reference sources:
Flickr.com
Train Orders.com
LocoNotes II
RR Pictures Archives.com
 
Thanks to the following contributos (direct and indirect): Ken Ardinger, Matt Petersen, Randy Keller, 
Gareth MacDonald and Jay Reed",98106,S4m,Alco,--,Bunge N.A.,"Re-eng'd by Johnson Rwy Services

Abbreviations

Alco - American Locomotive Company 
GE - General Electric
EMD - Electro-Motive Division
KGB&W - Kewaunnee Green Bay & Western
PLW - Peoria Locomotive Works
Plym - Plymouth Locomotive
TMERL - The Milwaukee Electric Rwy & light
Whit - Whitcomb Locomotive


Reference sources:
Flickr.com
Train Orders.com
LocoNotes II
RR Pictures Archives.com
 
Thanks to the following contributos (direct and indirect): Ken Ardinger, Matt Petersen, Randy Keller, 
Gareth MacDonald and Jay Reed","Abbreviations

Alco - American Locomotive Company 
GE - General Electric
EMD - Electro-Motive Division
KGB&W - Kewaunnee Green Bay & Western
PLW - Peoria Locomotive Works
Plym - Plymouth Locomotive
TMERL - The Milwaukee Electric Rwy & light
Whit - Whitcomb Locomotive","Reference sources:
Flickr.com
Train Orders.com
LocoNotes II
RR Pictures Archives.com
 
Thanks to the following contributos (direct and indirect): Ken Ardinger, Matt Petersen, Randy Keller, 
Gareth MacDonald and Jay Reed",,,,,,,,,,,,,,,,,,,,,,,,,,,,,,,,,,,,,,,,,,,,,,,,,,,,,,,,,,,,,,,,,,,,,,,,
13133,SW1200 ?,--,--,CertainTeed,"--

14135
SW10
EMD 16638
5/52
""Big Joe""
ex-UP 1272 < nee WP 603

14136
SW8
EMD 13289
11/50
--
Ex-Birmingham Southern 381 < nee Tenn. Coal & Iron

15140
SW1
EMD 3225
10/45
Koch Farms
Ex-Republic Steel 301

96101
S2m
Alco
--
Waste Management
--

98106
S4m
Alco
--
Bunge N.A.
Re-eng'd by Johnson Rwy Services

Abbreviations

Alco - American Locomotive Company 
GE - General Electric
EMD - Electro-Motive Division
KGB&W - Kewaunnee Green Bay & Western
PLW - Peoria Locomotive Works
Plym - Plymouth Locomotive
TMERL - The Milwaukee Electric Rwy & light
Whit - Whitcomb Locomotive


Reference sources:
Flickr.com
Train Orders.com
LocoNotes II
RR Pictures Archives.com
 
Thanks to the following contributos (direct and indirect): Ken Ardinger, Matt Petersen, Randy Keller, 
Gareth MacDonald and Jay Reed",14135,SW10,EMD 16638,5/52,"""Big Joe""","ex-UP 1272 < nee WP 603

14136
SW8
EMD 13289
11/50
--
Ex-Birmingham Southern 381 < nee Tenn. Coal & Iron

15140
SW1
EMD 3225
10/45
Koch Farms
Ex-Republic Steel 301

96101
S2m
Alco
--
Waste Management
--

98106
S4m
Alco
--
Bunge N.A.
Re-eng'd by Johnson Rwy Services

Abbreviations

Alco - American Locomotive Company 
GE - General Electric
EMD - Electro-Motive Division
KGB&W - Kewaunnee Green Bay & Western
PLW - Peoria Locomotive Works
Plym - Plymouth Locomotive
TMERL - The Milwaukee Electric Rwy & light
Whit - Whitcomb Locomotive


Reference sources:
Flickr.com
Train Orders.com
LocoNotes II
RR Pictures Archives.com
 
Thanks to the following contributos (direct and indirect): Ken Ardinger, Matt Petersen, Randy Keller, 
Gareth MacDonald and Jay Reed",14136,SW8,EMD 13289,11/50,--,"Ex-Birmingham Southern 381 < nee Tenn. Coal & Iron

15140
SW1
EMD 3225
10/45
Koch Farms
Ex-Republic Steel 301

96101
S2m
Alco
--
Waste Management
--

98106
S4m
Alco
--
Bunge N.A.
Re-eng'd by Johnson Rwy Services

Abbreviations

Alco - American Locomotive Company 
GE - General Electric
EMD - Electro-Motive Division
KGB&W - Kewaunnee Green Bay & Western
PLW - Peoria Locomotive Works
Plym - Plymouth Locomotive
TMERL - The Milwaukee Electric Rwy & light
Whit - Whitcomb Locomotive


Reference sources:
Flickr.com
Train Orders.com
LocoNotes II
RR Pictures Archives.com
 
Thanks to the following contributos (direct and indirect): Ken Ardinger, Matt Petersen, Randy Keller, 
Gareth MacDonald and Jay Reed",15140,SW1,EMD 3225,10/45,Koch Farms,"Ex-Republic Steel 301

96101
S2m
Alco
--
Waste Management
--

98106
S4m
Alco
--
Bunge N.A.
Re-eng'd by Johnson Rwy Services

Abbreviations

Alco - American Locomotive Company 
GE - General Electric
EMD - Electro-Motive Division
KGB&W - Kewaunnee Green Bay & Western
PLW - Peoria Locomotive Works
Plym - Plymouth Locomotive
TMERL - The Milwaukee Electric Rwy & light
Whit - Whitcomb Locomotive


Reference sources:
Flickr.com
Train Orders.com
LocoNotes II
RR Pictures Archives.com
 
Thanks to the following contributos (direct and indirect): Ken Ardinger, Matt Petersen, Randy Keller, 
Gareth MacDonald and Jay Reed",96101,S2m,Alco,--,Waste Management,"--

98106
S4m
Alco
--
Bunge N.A.
Re-eng'd by Johnson Rwy Services

Abbreviations

Alco - American Locomotive Company 
GE - General Electric
EMD - Electro-Motive Division
KGB&W - Kewaunnee Green Bay & Western
PLW - Peoria Locomotive Works
Plym - Plymouth Locomotive
TMERL - The Milwaukee Electric Rwy & light
Whit - Whitcomb Locomotive


Reference sources:
Flickr.com
Train Orders.com
LocoNotes II
RR Pictures Archives.com
 
Thanks to the following contributos (direct and indirect): Ken Ardinger, Matt Petersen, Randy Keller, 
Gareth MacDonald and Jay Reed",98106,S4m,Alco,--,Bunge N.A.,"Re-eng'd by Johnson Rwy Services

Abbreviations

Alco - American Locomotive Company 
GE - General Electric
EMD - Electro-Motive Division
KGB&W - Kewaunnee Green Bay & Western
PLW - Peoria Locomotive Works
Plym - Plymouth Locomotive
TMERL - The Milwaukee Electric Rwy & light
Whit - Whitcomb Locomotive


Reference sources:
Flickr.com
Train Orders.com
LocoNotes II
RR Pictures Archives.com
 
Thanks to the following contributos (direct and indirect): Ken Ardinger, Matt Petersen, Randy Keller, 
Gareth MacDonald and Jay Reed","Abbreviations

Alco - American Locomotive Company 
GE - General Electric
EMD - Electro-Motive Division
KGB&W - Kewaunnee Green Bay & Western
PLW - Peoria Locomotive Works
Plym - Plymouth Locomotive
TMERL - The Milwaukee Electric Rwy & light
Whit - Whitcomb Locomotive","Reference sources:
Flickr.com
Train Orders.com
LocoNotes II
RR Pictures Archives.com
 
Thanks to the following contributos (direct and indirect): Ken Ardinger, Matt Petersen, Randy Keller, 
Gareth MacDonald and Jay Reed",,,,,,,,,,,,,,,,,,,,,,,,,,,,,,,,,,,,,,,,,,,,,,,,,,,,,,,,,,,,,,,,,,,,,,,,,,,,,,
14135,SW10,EMD 16638,5/52,"""Big Joe""","ex-UP 1272 < nee WP 603

14136
SW8
EMD 13289
11/50
--
Ex-Birmingham Southern 381 < nee Tenn. Coal & Iron

15140
SW1
EMD 3225
10/45
Koch Farms
Ex-Republic Steel 301

96101
S2m
Alco
--
Waste Management
--

98106
S4m
Alco
--
Bunge N.A.
Re-eng'd by Johnson Rwy Services

Abbreviations

Alco - American Locomotive Company 
GE - General Electric
EMD - Electro-Motive Division
KGB&W - Kewaunnee Green Bay & Western
PLW - Peoria Locomotive Works
Plym - Plymouth Locomotive
TMERL - The Milwaukee Electric Rwy & light
Whit - Whitcomb Locomotive


Reference sources:
Flickr.com
Train Orders.com
LocoNotes II
RR Pictures Archives.com
 
Thanks to the following contributos (direct and indirect): Ken Ardinger, Matt Petersen, Randy Keller, 
Gareth MacDonald and Jay Reed",14136,SW8,EMD 13289,11/50,--,"Ex-Birmingham Southern 381 < nee Tenn. Coal & Iron

15140
SW1
EMD 3225
10/45
Koch Farms
Ex-Republic Steel 301

96101
S2m
Alco
--
Waste Management
--

98106
S4m
Alco
--
Bunge N.A.
Re-eng'd by Johnson Rwy Services

Abbreviations

Alco - American Locomotive Company 
GE - General Electric
EMD - Electro-Motive Division
KGB&W - Kewaunnee Green Bay & Western
PLW - Peoria Locomotive Works
Plym - Plymouth Locomotive
TMERL - The Milwaukee Electric Rwy & light
Whit - Whitcomb Locomotive


Reference sources:
Flickr.com
Train Orders.com
LocoNotes II
RR Pictures Archives.com
 
Thanks to the following contributos (direct and indirect): Ken Ardinger, Matt Petersen, Randy Keller, 
Gareth MacDonald and Jay Reed",15140,SW1,EMD 3225,10/45,Koch Farms,"Ex-Republic Steel 301

96101
S2m
Alco
--
Waste Management
--

98106
S4m
Alco
--
Bunge N.A.
Re-eng'd by Johnson Rwy Services

Abbreviations

Alco - American Locomotive Company 
GE - General Electric
EMD - Electro-Motive Division
KGB&W - Kewaunnee Green Bay & Western
PLW - Peoria Locomotive Works
Plym - Plymouth Locomotive
TMERL - The Milwaukee Electric Rwy & light
Whit - Whitcomb Locomotive


Reference sources:
Flickr.com
Train Orders.com
LocoNotes II
RR Pictures Archives.com
 
Thanks to the following contributos (direct and indirect): Ken Ardinger, Matt Petersen, Randy Keller, 
Gareth MacDonald and Jay Reed",96101,S2m,Alco,--,Waste Management,"--

98106
S4m
Alco
--
Bunge N.A.
Re-eng'd by Johnson Rwy Services

Abbreviations

Alco - American Locomotive Company 
GE - General Electric
EMD - Electro-Motive Division
KGB&W - Kewaunnee Green Bay & Western
PLW - Peoria Locomotive Works
Plym - Plymouth Locomotive
TMERL - The Milwaukee Electric Rwy & light
Whit - Whitcomb Locomotive


Reference sources:
Flickr.com
Train Orders.com
LocoNotes II
RR Pictures Archives.com
 
Thanks to the following contributos (direct and indirect): Ken Ardinger, Matt Petersen, Randy Keller, 
Gareth MacDonald and Jay Reed",98106,S4m,Alco,--,Bunge N.A.,"Re-eng'd by Johnson Rwy Services

Abbreviations

Alco - American Locomotive Company 
GE - General Electric
EMD - Electro-Motive Division
KGB&W - Kewaunnee Green Bay & Western
PLW - Peoria Locomotive Works
Plym - Plymouth Locomotive
TMERL - The Milwaukee Electric Rwy & light
Whit - Whitcomb Locomotive


Reference sources:
Flickr.com
Train Orders.com
LocoNotes II
RR Pictures Archives.com
 
Thanks to the following contributos (direct and indirect): Ken Ardinger, Matt Petersen, Randy Keller, 
Gareth MacDonald and Jay Reed","Abbreviations

Alco - American Locomotive Company 
GE - General Electric
EMD - Electro-Motive Division
KGB&W - Kewaunnee Green Bay & Western
PLW - Peoria Locomotive Works
Plym - Plymouth Locomotive
TMERL - The Milwaukee Electric Rwy & light
Whit - Whitcomb Locomotive","Reference sources:
Flickr.com
Train Orders.com
LocoNotes II
RR Pictures Archives.com
 
Thanks to the following contributos (direct and indirect): Ken Ardinger, Matt Petersen, Randy Keller, 
Gareth MacDonald and Jay Reed",,,,,,,,,,,,,,,,,,,,,,,,,,,,,,,,,,,,,,,,,,,,,,,,,,,,,,,,,,,,,,,,,,,,,,,,,,,,,,,,,,,,
14136,SW8,EMD 13289,11/50,--,"Ex-Birmingham Southern 381 < nee Tenn. Coal & Iron

15140
SW1
EMD 3225
10/45
Koch Farms
Ex-Republic Steel 301

96101
S2m
Alco
--
Waste Management
--

98106
S4m
Alco
--
Bunge N.A.
Re-eng'd by Johnson Rwy Services

Abbreviations

Alco - American Locomotive Company 
GE - General Electric
EMD - Electro-Motive Division
KGB&W - Kewaunnee Green Bay & Western
PLW - Peoria Locomotive Works
Plym - Plymouth Locomotive
TMERL - The Milwaukee Electric Rwy & light
Whit - Whitcomb Locomotive


Reference sources:
Flickr.com
Train Orders.com
LocoNotes II
RR Pictures Archives.com
 
Thanks to the following contributos (direct and indirect): Ken Ardinger, Matt Petersen, Randy Keller, 
Gareth MacDonald and Jay Reed",15140,SW1,EMD 3225,10/45,Koch Farms,"Ex-Republic Steel 301

96101
S2m
Alco
--
Waste Management
--

98106
S4m
Alco
--
Bunge N.A.
Re-eng'd by Johnson Rwy Services

Abbreviations

Alco - American Locomotive Company 
GE - General Electric
EMD - Electro-Motive Division
KGB&W - Kewaunnee Green Bay & Western
PLW - Peoria Locomotive Works
Plym - Plymouth Locomotive
TMERL - The Milwaukee Electric Rwy & light
Whit - Whitcomb Locomotive


Reference sources:
Flickr.com
Train Orders.com
LocoNotes II
RR Pictures Archives.com
 
Thanks to the following contributos (direct and indirect): Ken Ardinger, Matt Petersen, Randy Keller, 
Gareth MacDonald and Jay Reed",96101,S2m,Alco,--,Waste Management,"--

98106
S4m
Alco
--
Bunge N.A.
Re-eng'd by Johnson Rwy Services

Abbreviations

Alco - American Locomotive Company 
GE - General Electric
EMD - Electro-Motive Division
KGB&W - Kewaunnee Green Bay & Western
PLW - Peoria Locomotive Works
Plym - Plymouth Locomotive
TMERL - The Milwaukee Electric Rwy & light
Whit - Whitcomb Locomotive


Reference sources:
Flickr.com
Train Orders.com
LocoNotes II
RR Pictures Archives.com
 
Thanks to the following contributos (direct and indirect): Ken Ardinger, Matt Petersen, Randy Keller, 
Gareth MacDonald and Jay Reed",98106,S4m,Alco,--,Bunge N.A.,"Re-eng'd by Johnson Rwy Services

Abbreviations

Alco - American Locomotive Company 
GE - General Electric
EMD - Electro-Motive Division
KGB&W - Kewaunnee Green Bay & Western
PLW - Peoria Locomotive Works
Plym - Plymouth Locomotive
TMERL - The Milwaukee Electric Rwy & light
Whit - Whitcomb Locomotive


Reference sources:
Flickr.com
Train Orders.com
LocoNotes II
RR Pictures Archives.com
 
Thanks to the following contributos (direct and indirect): Ken Ardinger, Matt Petersen, Randy Keller, 
Gareth MacDonald and Jay Reed","Abbreviations

Alco - American Locomotive Company 
GE - General Electric
EMD - Electro-Motive Division
KGB&W - Kewaunnee Green Bay & Western
PLW - Peoria Locomotive Works
Plym - Plymouth Locomotive
TMERL - The Milwaukee Electric Rwy & light
Whit - Whitcomb Locomotive","Reference sources:
Flickr.com
Train Orders.com
LocoNotes II
RR Pictures Archives.com
 
Thanks to the following contributos (direct and indirect): Ken Ardinger, Matt Petersen, Randy Keller, 
Gareth MacDonald and Jay Reed",,,,,,,,,,,,,,,,,,,,,,,,,,,,,,,,,,,,,,,,,,,,,,,,,,,,,,,,,,,,,,,,,,,,,,,,,,,,,,,,,,,,,,,,,,
15140,SW1,EMD 3225,10/45,Koch Farms,"Ex-Republic Steel 301

96101
S2m
Alco
--
Waste Management
--

98106
S4m
Alco
--
Bunge N.A.
Re-eng'd by Johnson Rwy Services

Abbreviations

Alco - American Locomotive Company 
GE - General Electric
EMD - Electro-Motive Division
KGB&W - Kewaunnee Green Bay & Western
PLW - Peoria Locomotive Works
Plym - Plymouth Locomotive
TMERL - The Milwaukee Electric Rwy & light
Whit - Whitcomb Locomotive


Reference sources:
Flickr.com
Train Orders.com
LocoNotes II
RR Pictures Archives.com
 
Thanks to the following contributos (direct and indirect): Ken Ardinger, Matt Petersen, Randy Keller, 
Gareth MacDonald and Jay Reed",96101,S2m,Alco,--,Waste Management,"--

98106
S4m
Alco
--
Bunge N.A.
Re-eng'd by Johnson Rwy Services

Abbreviations

Alco - American Locomotive Company 
GE - General Electric
EMD - Electro-Motive Division
KGB&W - Kewaunnee Green Bay & Western
PLW - Peoria Locomotive Works
Plym - Plymouth Locomotive
TMERL - The Milwaukee Electric Rwy & light
Whit - Whitcomb Locomotive


Reference sources:
Flickr.com
Train Orders.com
LocoNotes II
RR Pictures Archives.com
 
Thanks to the following contributos (direct and indirect): Ken Ardinger, Matt Petersen, Randy Keller, 
Gareth MacDonald and Jay Reed",98106,S4m,Alco,--,Bunge N.A.,"Re-eng'd by Johnson Rwy Services

Abbreviations

Alco - American Locomotive Company 
GE - General Electric
EMD - Electro-Motive Division
KGB&W - Kewaunnee Green Bay & Western
PLW - Peoria Locomotive Works
Plym - Plymouth Locomotive
TMERL - The Milwaukee Electric Rwy & light
Whit - Whitcomb Locomotive


Reference sources:
Flickr.com
Train Orders.com
LocoNotes II
RR Pictures Archives.com
 
Thanks to the following contributos (direct and indirect): Ken Ardinger, Matt Petersen, Randy Keller, 
Gareth MacDonald and Jay Reed","Abbreviations

Alco - American Locomotive Company 
GE - General Electric
EMD - Electro-Motive Division
KGB&W - Kewaunnee Green Bay & Western
PLW - Peoria Locomotive Works
Plym - Plymouth Locomotive
TMERL - The Milwaukee Electric Rwy & light
Whit - Whitcomb Locomotive","Reference sources:
Flickr.com
Train Orders.com
LocoNotes II
RR Pictures Archives.com
 
Thanks to the following contributos (direct and indirect): Ken Ardinger, Matt Petersen, Randy Keller, 
Gareth MacDonald and Jay Reed",,,,,,,,,,,,,,,,,,,,,,,,,,,,,,,,,,,,,,,,,,,,,,,,,,,,,,,,,,,,,,,,,,,,,,,,,,,,,,,,,,,,,,,,,,,,,,,,
96101,S2m,Alco,--,Waste Management,"--

98106
S4m
Alco
--
Bunge N.A.
Re-eng'd by Johnson Rwy Services

Abbreviations

Alco - American Locomotive Company 
GE - General Electric
EMD - Electro-Motive Division
KGB&W - Kewaunnee Green Bay & Western
PLW - Peoria Locomotive Works
Plym - Plymouth Locomotive
TMERL - The Milwaukee Electric Rwy & light
Whit - Whitcomb Locomotive


Reference sources:
Flickr.com
Train Orders.com
LocoNotes II
RR Pictures Archives.com
 
Thanks to the following contributos (direct and indirect): Ken Ardinger, Matt Petersen, Randy Keller, 
Gareth MacDonald and Jay Reed",98106,S4m,Alco,--,Bunge N.A.,"Re-eng'd by Johnson Rwy Services

Abbreviations

Alco - American Locomotive Company 
GE - General Electric
EMD - Electro-Motive Division
KGB&W - Kewaunnee Green Bay & Western
PLW - Peoria Locomotive Works
Plym - Plymouth Locomotive
TMERL - The Milwaukee Electric Rwy & light
Whit - Whitcomb Locomotive


Reference sources:
Flickr.com
Train Orders.com
LocoNotes II
RR Pictures Archives.com
 
Thanks to the following contributos (direct and indirect): Ken Ardinger, Matt Petersen, Randy Keller, 
Gareth MacDonald and Jay Reed","Abbreviations

Alco - American Locomotive Company 
GE - General Electric
EMD - Electro-Motive Division
KGB&W - Kewaunnee Green Bay & Western
PLW - Peoria Locomotive Works
Plym - Plymouth Locomotive
TMERL - The Milwaukee Electric Rwy & light
Whit - Whitcomb Locomotive","Reference sources:
Flickr.com
Train Orders.com
LocoNotes II
RR Pictures Archives.com
 
Thanks to the following contributos (direct and indirect): Ken Ardinger, Matt Petersen, Randy Keller, 
Gareth MacDonald and Jay Reed",,,,,,,,,,,,,,,,,,,,,,,,,,,,,,,,,,,,,,,,,,,,,,,,,,,,,,,,,,,,,,,,,,,,,,,,,,,,,,,,,,,,,,,,,,,,,,,,,,,,,,
98106,S4m,Alco,--,Bunge N.A.,"Re-eng'd by Johnson Rwy Services

Abbreviations

Alco - American Locomotive Company 
GE - General Electric
EMD - Electro-Motive Division
KGB&W - Kewaunnee Green Bay & Western
PLW - Peoria Locomotive Works
Plym - Plymouth Locomotive
TMERL - The Milwaukee Electric Rwy & light
Whit - Whitcomb Locomotive


Reference sources:
Flickr.com
Train Orders.com
LocoNotes II
RR Pictures Archives.com
 
Thanks to the following contributos (direct and indirect): Ken Ardinger, Matt Petersen, Randy Keller, 
Gareth MacDonald and Jay Reed","Abbreviations

Alco - American Locomotive Company 
GE - General Electric
EMD - Electro-Motive Division
KGB&W - Kewaunnee Green Bay & Western
PLW - Peoria Locomotive Works
Plym - Plymouth Locomotive
TMERL - The Milwaukee Electric Rwy & light
Whit - Whitcomb Locomotive","Reference sources:
Flickr.com
Train Orders.com
LocoNotes II
RR Pictures Archives.com
 
Thanks to the following contributos (direct and indirect): Ken Ardinger, Matt Petersen, Randy Keller, 
Gareth MacDonald and Jay Reed",,,,,,,,,,,,,,,,,,,,,,,,,,,,,,,,,,,,,,,,,,,,,,,,,,,,,,,,,,,,,,,,,,,,,,,,,,,,,,,,,,,,,,,,,,,,,,,,,,,,,,,,,,,,
"Abbreviations

Alco - American Locomotive Company 
GE - General Electric
EMD - Electro-Motive Division
KGB&W - Kewaunnee Green Bay & Western
PLW - Peoria Locomotive Works
Plym - Plymouth Locomotive
TMERL - The Milwaukee Electric Rwy & light
Whit - Whitcomb Locomotive",,,,,,,,,,,,,,,,,,,,,,,,,,,,,,,,,,,,,,,,,,,,,,,,,,,,,,,,,,,,,,,,,,,,,,,,,,,,,,,,,,,,,,,,,,,,,,,,,,,,,,,,,,,,,,,,,,,
"Reference sources:
Flickr.com
Train Orders.com
LocoNotes II
RR Pictures Archives.com
 
Thanks to the following contributos (direct and indirect): Ken Ardinger, Matt Petersen, Randy Keller, 
Gareth MacDonald and Jay Reed",,,,,,,,,,,,,,,,,,,,,,,,,,,,,,,,,,,,,,,,,,,,,,,,,,,,,,,,,,,,,,,,,,,,,,,,,,,,,,,,,,,,,,,,,,,,,,,,,,,,,,,,,,,,,,,,,,,
