Unit Number,Notes,Model,Serial Number,HP
USAX_UNKNOWN,unknown model 400cc 250 hp from KGE,20-ton,,
USAX_1,,25 Tonner,,
USAX_1,"ex-SP 5800, 3663",GP9,25100,1750
USAX_20,20GM34,20 Tonner,13200,
USAX_101,ex-USATC 765,2/8/2000,,
USAX_106,"44DE22, blt 1941 as St Louis Ordinance 2",44 Tonner,60120,
USAX_226,Orton Crane & Shovel Co. 1953,MoW Equipment,1715,
USAX_298,ex-North Island Naval Air Station 27,80Tonner,27861,
USAX_606,ex-USATC 5846,2/8/2000,8784,
USAX_607,Built by Lima Locomotive Works,2/8/2000,8846,
USAX_610,Lima-Baldwin-Hamilton was buil,2/8/2000,75503,
USAX_611,ex-USATC,2/8/2000,69856,
USAX_612,ex-USATC,2/8/2000,69858,
USAX_616,"10/1942, sold to VBR 8/1958",0-6-0,70402,
USAX_662,"NMOT, Kirkwood, MO",UNKNOWN,,
USAX_1032,,10 Ton DHD,5741,
USAX_1045,,12-ton,,
USAX_1054,,12-ton,,
USAX_1055,,12-ton,,
USAX_1056,Sold to CMPA,12-ton,,
USAX_1059,Sold to CMPA,12-ton,,
USAX_1080,"Brooks 12/1917 as Russia E1190, to USA 1080, to Erie 2473, scrapped 04/43",2/10/2000,58894,
USAX_1149,30 ton Gas Turbine,35 Tonner,3437,
USAX_1202,,45Tonner,,
USAX_1216,Davenport,SV-1,,
USAX_1216,DE44,44 Tonner,3364,
USAX_1217,,44 Tonner,3365,
USAX_1218,,44 Tonner,3366,
USAX_1222,US Army 44-Tonner.,44 Tonner,3372,
USAX_1223,,44 Tonner,3381,
USAX_1229,DE44. Sold to CMPA,44 Tonner,3377,
USAX_1230,,44 Tonner,3378,
USAX_1231,"Built 1953, two V-8 caterpillar diesels. Sold to FWHS",44 Tonner,3379,
USAX_1248,,RS-4-TC,61203,
USAX_1250,,RS-4-TC,61205,
USAX_1251,Sold to RVPR,RS-4-TC,61206,
USAX_1253,built 1953,RS-4-TC,61208,
USAX_1260,,RS-4-TC,61215,
USAX_1264,"Sold to PP, to BJRY",RS-4-TC,61219,
USAX_1268,,RS-4-TC,61223,
USAX_1271,,RS-4-TC,61226,
USAX_1273,Sold to RVPR,RS-4-TC,61228,
USAX_1400,"SP 5800, USAX 001",GP9E,25100,
USAX_1401,"ex-SP 5873, 3709, not reblt by SP",GP9,25632,1750
USAX_1403,,65Tonner,,
USAX_1607,,80Tonner,31817,
USAX_1622,,DE80,3345,
USAX_1625,,DE80,3348,
USAX_1628,,DE80,3351,
USAX_1634,,DE80,3357,
USAX_1638,,80Tonner,31345,
USAX_1639,,80Tonner,31346,
USAX_1641,,80Tonner,31348,
USAX_1646,,80Tonner,31353,
USAX_1647,Sold to NLA,80Tonner,31354,
USAX_1650,Clear Air Force Station. Sold to NVRR,80Tonner,31357,
USAX_1654,"assigned Fort Campbell, KY",80Tonner,31360,
USAX_1656,"assigned Fort Campbell, KY",80Tonner,31363,
USAX_1657,,80Tonner,31364,
USAX_1658,Sold to NLA,80Tonner,31365,
USAX_1659,,80Tonner,31366,
USAX_1661,Tooele Army Depot,80Tonner,31368,
USAX_1663,Ft. Eustis,80Tonner,31370,
USAX_1667,Red River Army Depot. Sold to SVTX,80Tonner,31374,
USAX_1674,Letterkenny A.D.,80Tonner,31381,
USAX_B1674,Invalid Entry B not part of number,80Tonner,31381,
USAX_1675,,80Tonner,31382,
USAX_1676,Sold to NLA,80Tonner,31383,
USAX_1677,"Military Ocean Terminal Bayonne, NJ",80Tonner,31384,
USAX_1678,,80Tonner,,
USAX_1679,Clear Air Force Station,80Tonner,31386,
USAX_1682,Tooele Army Depot,80Tonner,31389,
USAX_1685,Letterkenny A.D.,80Tonner,31392,
USAX_B1685,Invalid Entry B not part of number,80Tonner,31392,
USAX_1692,Blt 12-51 Savanah Site SROX 103. Sold to NLA,80Tonner,31320,
USAX_1694,ex-USN 65-00387,80Tonner,31853,
USAX_1809,,MRS1,15874,
USAX_1811,Ft. Eustis  - USATC Museum,MRS1,15876,
USAX_1813,,MRS1,15878,
USAX_1820,,MRS1,15885,
USAX_1823,,GP7,15693,1500
USAX_1829,US Army Class H12-44.,H-12-44,,
USAX_1843,,H-12-44,12L667,
USAX_1844,,H-12-44,12L668,
USAX_1846,one of 20 blt for US Army 1/53,H-12-44,12L670,
USAX_1847,,H-12-44,12L671,
USAX_1849,"Museum Versailles, Ky",H-12-44,12L673,
USAX_1850,,H-12-44,12L674,
USAX_1853,,H-12-44,12L677,
USAX_1854,,H-12-44,12L678,
USAX_1855,,H-12-44,12L679,
USAX_1856,Preserved at Niles Canyon Rly as SP 1487,H-12-44,12L680,
USAX_1857,,H-12-44,,
USAX_1858,,H-12-44,12L682,
USAX_1861,,H-12-44,12L685,
USAX_1865,"Sold to RSSM, to SSC",NW2,2385,1000
USAX_1868,"ex-IC 9176, ex-ICG 8144",GP10,20814,1800
USAX_1869,"Sunny Point, MOT, ex-ICG 8149",GP10,23829,1800
USAX_1870,Holston AAP,GP10,18808,1800
USAX_1872,"Sunny Point, MOT",GP10,20284,1800
USAX_1873,Ft. Lewis,GP10,20758,1800
USAX_1876,"ex-IC 9207, ex-ICG 8176",GP10,22330,1800
USAX_1878,,GP10,,1800
USAX_1880,Ft. Eustis,GP10,22541,1800
USAX_V-1923,Narrow Gauge,0-6-0T,4770,
USAX_V1923,Built in 1946,0-6-0T,4770,
USAX_1943,,65Tonner,17886,
USAX_2000,To TVRM,SW8,14995,800
USAX_2002,,SW8,14997,800
USAX_2007,Sold to KFRX,SW8,15002,800
USAX_2008,blt by EMD in Cleveland,SW8,15003,800
USAX_2009,To USMC 289538,SW8,15004,800
USAX_2010,Sold to AOK,SW8,15005,800
USAX_2015,"05/1951, 7008-16",SW8,15010,800
USAX_2016,"Paris, KY",SW8,15011,800
USAX_2022,,SW8,,800
USAX_2030,,SW8,15025,800
USAX_2035,Ft. Hood,SW8,15030,800
USAX_2036,Ft. Hood,SW8,15031,800
USAX_B2041,"1953, multi-gauge trucks",MRS-1,80357,1600
USAX_2044,,MRS-1,80360,1600
USAX_B2044,,MRS-1,80360,1600
USAX_2047,,MRS-1,80363,1600
USAX_B-2051,,MRS-1,80367,1600
USAX_2052,,MRS-1,80368,1600
USAX_B2052,,MRS-1,80368,1600
USAX_2056,,MRS-1,80372,1600
USAX_B2059,,MRS-1,80375,1600
USAX_B-2068,Museum Switcher,MRS-1,80384,1600
USAX_B-2069,At St Louis County Museum Of Transportation,MRS-1,80385,1600
USAX_B2069,,MRS-1,80385,1600
USAX_B-2070,Sold to TSWR,MRS-1,80386,1600
USAX_B2071,"1954, mult-gauge trucks",MRS-1,80387,1600
USAX_2074,Only a truck is left,MRS-1,80390,1600
USAX_B-2080,,MRS-1,80394,1600
USAX_B2080,,MRS-1,,1600
USAX_B-2081,,MRS-1,80395,1600
USAX_B2081,,MRS-1,,1600
USAX_B2082,,MRS-1,80398,1600
USAX_2085,,MRS-1,,1600
USAX_2086,,MRS-1,80402,1600
USAX_2089,,MRS-1,,1600
USAX_2090,,MRS-1,,1600
USAX_2096,,MRS-1,80329,1600
USAX_2098,ALCo MRS-1,MRS-1,80331,1600
USAX_2104,"to USAF in 1979, to SDRM in 1991",MRS-1,80337,1600
USAX_2122,US ARMY 2122/ UNS 0544,MRS-1,80355,1600
USAX_2358,Gas Mechanical; blt 7/41,20 Tonner,2358,
USAX_2630,re-numbered 612 in 1954,2/8/2000,,
USAX_4002,,RS-4-TC,61232,
USAX_4003,,RS-4-TC,61233,
USAX_4007,,RS-4-TC,61237,
USAX_4009,Sold to BJRY,RS-4-TC,61239,
USAX_4013,Apr-54,RS-4-TC,61243,
USAX_4014,Sold to BLR,RS-4-TC,61244,
USAX_4015,,RS-4-TC,61245,
USAX_4017,,RS-4-TC,61247,
USAX_4018,Sold to BJRY,RS-4-TC,61248,
USAX_4020,Ft. Eustis,RS-4-TC,61250,
USAX_4022,,RS-4-TC,61252,
USAX_4029,Sold to RVPR,RS-4-TC,61259,
USAX_4030,,RS-4-TC,61260,
USAX_4032,NRE Mt. Vernon Shops,RS-4-TC,61262,
USAX_4033,,RS-4-TC,61263,
USAX_4034,Ft. Eustis,RS-4-TC,61264,
USAX_4035,Longhorn & Western 4035,RS-4-TC,61265,
USAX_4036,,RS-4-TC,61266,
USAX_4039,,0-6-0,70421,
USAX_4041,Built 7/1953,RS-4-TC,61230,
USAX_4600,Ft. McCoy,GP10,23813,1800
USAX_4601,"ex-ICG 8339, to TVAX 4601",GP10,23843,1800
USAX_4602,"blt as IC GP18 9418, ICG 8418",GP10,28281,1800
USAX_4605,Ft McCoy,GP10,23832,1800
USAX_4606,Ft. Leonard Wood,GP10,14717,1800
USAX_4607,Ft. Leonard Wood,GP10,20834,1800
USAX_4608,ex-UP,GP10,19218,1800
USAX_4609,ex-UP,GP10,19256,1800
USAX_4610,"ex-UP 171B, ex-ICG 8240",GP10,19247,1800
USAX_4611,Ft. Carson,GP9R,25466,
USAX_4612,Ft. Stewart,GP9R,25050,
USAX_4613,Ft. Riley,GP10,20792,1800
USAX_4614,Ft. Hood,GP10,22286,1800
USAX_4615,,GP10,23823,1800
USAX_4616,Barstow (fomer Ft. Eustis),GP10,23805,1800
USAX_4620,ex-IC,GP10,20170,1800
USAX_4621,ex ICG GP9 8173,GP10,20811,1800
USAX_4623,ex-IC,GP10,23846,1800
USAX_4624,Ft. Eustis,GP10,19278,1800
USAX_4625,ex-IC,GP10,23866,1800
USAX_4626,GP16 ex-CSX 1702,GP16,12295,1600
USAX_4627,"Seneca Army depot, McAlester Army depot",GP16,13537,1600
USAX_4628,Ft. Carson,GP16,17495,1600
USAX_4630,Ft. Stewart,GP16,22647,1600
USAX_4631,"Ex-SAL 621, SCL, SBD, CSX, VMV. Sold to NREX, to FWWR",GP40,31790,3000
USAX_4633,Ft. Carson,GP16,13536,1600
USAX_4634,Holston AAP,GP16,,1600
USAX_4635,Ft. Eustis,GP16,22631,1600
USAX_4636,"Ft. McCoy, former Ft. Bliss; nee SAL 1958, rebuilt to GP16 as SCL 1032",GP16,22629,1600
USAX_4639,Ex-SP.,GP9R,25120,
USAX_4640,,GP9R,22912,
USAX_4642,Ft. Stewart,GP20,27109,2000
USAX_4643,,GP10,26951,1800
USAX_4646,"Sunny Point, MOT",GP40,33730,3000
USAX_4647,"Sunny Point, MOT",GP40,31798,3000
USAX_4648,MOT Concord,VO-1000M,64261,
USAX_4649,"MOTCO, DRMO 2017 to OKRX",SW1200,18759,1200
USAX_4650,MOT Concord,GP10,22306,1800
USAX_4651,MOT Concord,GP10,23851,1800
USAX_4652,Ft. Hood,GP40,38498,3000
USAX_4653,Ft. Carson reblt 1/04,GP40M-2,33450,
USAX_4654,Ft. Leonard Wood,GP40-2,7359-1,3000
USAX_4655,Ft. Hood,GP40-2,7359-8,3000
USAX_4670,ex-VRE V21,GP40PH-2,34628,3000
USAX_4671,ex-VRE V22,GP40PH-2,32657,3000
USAX_4672,ex-VRE V24,GP40PH-2,38488,3000
USAX_4700N,"RS4-TC, Built 11/53",112 Tonner,3427,
USAX_5001,,0-6-0,,
USAX_5002,"Project 02, Boyertown, PA",0-6-0T,7462,
USAX_5006,,0-6-0T,7466,
USAX_5012,,0-6-0T,7486,
USAX_5197,"East Somerset Railway, UK",2/8/2000,8856,
USAX_6000,"blt 6/05, GG20B, donor PAL 8324",GS14B,21376,
USAX_6001,"blt 6/05, GG20B, donor PAL 8332",GS14B,19019,
USAX_6002,"blt 6/05, GG20B, donor TM 855",GS14B,27857,
USAX_6003,"blt 6/06, donor WC 2057",GG20B,29824,
USAX_6004,,GG20B,,
USAX_6500,,3GS21B,,
USAX_6501,diverted from BNSF order,3GS21B,058-0112,
USAX_6502,Ft. Lewis,3GS21B,068-0167,
USAX_6503,Ft. Lewis,3GS21B,058-0168,
USAX_6505,,3GS21B,,
USAX_6506,Ft. Carson,3GS21B,,
USAX_6507,FT. Stewart,3GS21B,058-0165,
USAX_6508,Cape Fear Railways,3GS21B,,
USAX_6513,,3GS21B,058-0225,
USAX_6514,FT. Stewart bld 6/13,3GS21B,058-0226,
USAX_6515,,3GS21B,058-0227,
USAX_6516,3GS21B-DE,3GS21B,058-0228,
USAX_6519,,UNKNOWN,,
USAX_6520,,UNKNOWN,,
USAX_6522,,3GS21B,,
USAX_7019,,44Tonner,,
USAX_7047,,45Tonner,15246,
USAX_7100,,S2,70225,
USAX_7108,,S2,70267,
USAX_7134,,S1,69684,
USAX_7143,,VO-1000,67739,
USAX_7145,,70Tonner,15740,
USAX_7156,,UNKNOWN,,
USAX_7165,"Cutiss Bay Ord. Depot. Sold to SLGW, to UTCX",65Tonner,15889,
USAX_7174,1942,65Tonner,13157,
USAX_7178,"Built in April of 1943, currently operating at Ohio Railway Museum.",65Tonner,17861,
USAX_7285,,80Tonner,17892,
USAX_7299,Model JL,18 tonner,4252,
USAX_7315,assigned Green River Ord. Depot R-2,45Tonner,15866,
USAX_7318,Sold to HVSR,45Tonner,15277,
USAX_7320,Elwood Ordinance Plant 1,45Tonner,12980,
USAX_7341,,65Tonner,15653,
USAX_7348,Edgewood Arsenal 6500,65Tonner,15163,
USAX_7367,,80Tonner,17755,
USAX_7371,"blt as Hunken Conkey Construction 1002, to USAX 1002. Sold to HCC, to ACJR",S1,69464,
USAX_7372,assigned to Red River Ordnance Depot,S1,69514,
USAX_7374,,S1,69594,
USAX_7376,,80Tonner,15671,
USAX_7403,"EMC Model 40 Cushing Stone 26, ex USAX 7403",40 Ton,1834,
USAX_7404,,44Tonner,,
USAX_7467,,VO-1000,67738,
USAX_7485,assigned to Plum Brook Ordinance Works,45Tonner,13133,
USAX_7486,Ogden Quartermaster Depot,45Tonner,15867,
USAX_7492,,44Tonner,,
USAX_7497,assigned to Camp Roberts,45Tonner,17849,
USAX_7625,,25 Tonner,,
USAX_7706,,20 Tonner,2359,
USAX_7750,"Port of Embarkation, San Francisco",25 Tonner,15811,
USAX_7751,"Port of Embarkation, San Francisco",25 Tonner,15860,
USAX_7765,Kelly Army Air Field,25 Tonner,18143,
USAX_7882,,44Tonner,,
USAX_7923,,44Tonner,17934,
USAX_7926,,45Tonner,,
USAX_7929,,45Tonner,27636,
USAX_8011,"ex-ASAB 902, to USAX 8011, then ARR 1034",RSD1,69427,
USAX_8015,,RSD1,70636,
USAX_8016,,RSD1,70637,
USAX_8018,,RSD1,70639,
USAX_8025,,RSD1,70646,
USAX_8027,to FRA #017,RSD1,70648,
USAX_8030,,RSD1,70651,
USAX_8034,,RSD1,70655,
USAX_8039,,RSD1,70660,
USAX_8450,,65 Tonner,60456,
USAX_8521,,45Tonner,27599,
USAX_8537,blt for overseas operations in Iran,45Tonner,18046,
USAX_8651,Jan-45,RSD1,72144,
USAX_8658,to TVA in 1958,RSD1,72151,
USAX_8661,,RSD1,72154,
USAX_8662,to USAF 8662,RSD1,72155,
USAX_8669,Eglin AFB - Florida,RSD1,72162,
USAX_8677,,RSD1,72170,
RSSX_1,"12/1973, xETCX 1",SW1500,73637-1,1500
RSSX_7,"P&LE number of 1556, it is b/n",SW1500,38465,1500
RSSX_8,blt 10/72 as P&LE 1549,SW1500,7376-6,1500
RSSX_10,,GP7,17770,1500
RSSX_19,This is an EMD GP 7.,GP7R,,
RSSX_19,,LEAF,,
RSSX_35,,LEAF,,
RSSX_46,Ex-SP,GP9E,22913,
RSSX_61,Ex Indiana & Ohio,GP9,21704,1750
RSSX_101,"ex-MILW 2056, re# 608",SW1200,20049,1200
RSSX_102,Ex-NS/NW was NW GP9 520,TC-10,24962,
RSSX_103,exN&W GP9 513 c/n 24955 blt 11/58,TC-10,24955,
RSSX_110,EMD SW1200. Sold to BAYL,SW1200,23361,1200
RSSX_112,rebuilt to S-2m ACL 31 [Oct56] > SCL 112 > Republic Locomotive (D) > Champi,S2M,70200,
RSSX_129,"nee NP  129, BN 188, Western Sugar (BN 188). JOBX 129, NIWX 129, RSSX 129",SW1200,20322,1200
RSSX_159,,SW9,,1200
RSSX_168,"ex-GN 5317/117, ex-BN 14",NW2R,944,
RSSX_169,,SW1200,,1200
RSSX_201,ex Milw 608,SW1200,20049,1200
RSSX_201,Ex-IC,SW14,11648,1000
RSSX_202,,SW1200,,1200
RSSX_203,,SW900,19647,900
RSSX_233,"10/1955, 4302-5, xCBQ 9275",SW1200,20547,1200
RSSX_302,"ex SP 3419:2; ex SP 3461; nee SP 5628	Built 2/1956",GP9,21321,1750
RSSX_320,,LEAF,,
RSSX_326,Tate & Lyle (Staley) Switcher,SW1200,,1200
RSSX_353,"ordered as SSW 1077, delivered as SP 2292",SW1200,31573,1200
RSSX_354,,SW9,,1200
RSSX_356,Ex-SLSF GK10B,LEAF,10186,
RSSX_402,"Ex-DTS 120, GTW 6120",SW9,16208,1200
RSSX_414,Rebuilt from IAIS GP10 414,GG20B,18811,
RSSX_430,"ex ICG 8030, ex IC 9030:2",GP10,18827,1800
RSSX_436,ex-IC,GP10,18833,1800
RSSX_473,"ex-ICG 8073, ex-IAIS 473",GP10,20152,1800
RSSX_501,"ex-MP. Sold to FCRD, to WTRY",SW1200,28767,1200
RSSX_502,,SW1200,28757,1200
RSSX_506,Ex-SLSF 598,GP7,14244,1500
RSSX_545,blt 5/76 as C&NW 4400,GP15-1,757142-1,1500
RSSX_574,"Ex UPY, ex UP, ex MP, nee CEI.",GP15T,757138-20,1500
RSSX_575,,LEAF,21492,
RSSX_575,Ex. C&O,GP9,21492,1750
RSSX_576,blt 10/56 as B&O 3421,GP9,22420,1750
RSSX_576,Ex-B&O GP9 3421,LEAF,22420,
RSSX_577,,LEAF,22423,
RSSX_577,Model: Railserve LEAF,UNKNOWN,22423,
RSSX_577,,GP9,22423,1750
RSSX_579,,GP9,19767,1750
RSSX_610,,LEAF,,
RSSX_614,,LEAF,,
RSSX_616,Ex. IC,SW1,14388,600
RSSX_670,,GP15-1,,1500
RSSX_672,,GP15-1,817017-8,1500
RSSX_680,,GP15-1,,1500
RSSX_694,,GP15-1,,1500
RSSX_697,,GP15-1,817017-33,1500
RSSX_698,,GP15-1,,1500
RSSX_701,,GP15-1,817017-37,1500
RSSX_702,nee MP 1266 1/65,SW1200,29781,1200
RSSX_713,,GP10,,1800
RSSX_722,ex-IC 8906/7722,GP8,17721,
RSSX_754,ex-ACL 166,GP7,13911,1500
RSSX_769,,NW2,,1000
RSSX_802,ex-T&P 1293,SW1200,31241,1200
RSSX_803,ex MP 1180,SW1200,28756,1200
RSSX_900,"ex RSSX 903, ex MP 1154",SW1200,29792,1200
RSSX_902,,SW1200,,1200
RSSX_904,ex-MP 1150,SW1200,31224,1200
RSSX_905,ex-MP 1265,SW1200,29780,1200
RSSX_929,ex-SAL 1749. Sold to LTEX,GP7,11345,1500
RSSX_951,,SW9,,1200
RSSX_952,"Sold to GC, to BPRR, to LTEX",SW9,19535,1200
RSSX_986,ex-SAL,GP7,17378,1500
RSSX_1000,,LEAF,,
RSSX_1002,,LEAF,,
RSSX_1003,ex-SP 1056/1223,S6,81727,
RSSX_1007,,UNKNOWN,,
RSSX_1008,ex-SP 1065/1232,S6,81806,
RSSX_1032,"ex-IC 9184, ex-ICG 8184",GP10,20822,1800
RSSX_1037,ex MSRC 1037,GP10,25022,1800
RSSX_1051,"(EMD 20285, 3/55, 5383-4, ex-Railserve 1051, ex-MSRC 1051, ex-MSRC 8106, ex",LEAF,20285,
RSSX_1051,LEAF GenSet. Detroit Diesel En,GP10,20285,1800
RSSX_1052,,GP10,20161,1800
RSSX_1062,PADUCAH REBUILD,GP10,22278,1800
RSSX_1077,,GG10B,5359,
RSSX_1078,ex-Mid South,GP10,20179,1800
RSSX_1081,,GP10,22295,1800
RSSX_1085,Ex-IC,GP10,22301,1800
RSSX_1150,Ex. CI&L,SW1,8424,600
RSSX_1205,Forme LTEX 1205 until 4/2009;,SW1200r,16940,
RSSX_1206,,SW1200,,1200
RSSX_1219,"Sold to RE, to OMLX",SW1200RS,a760,1200
RSSX_1220,"(ex-RSSX 1220, ex-OxyChem 1220, ex-IT SW7m 1220, nee-UP SW7 1809",SW7,10761,1200
RSSX_1220,,SW7RM,10761,
RSSX_1220,,SW7RM,10761,
RSSX_1221,Railserve Leaf,SW1,10287,600
RSSX_1221,Ex-C&O,SW7,10287,1200
RSSX_1234,,NW2,,1000
RSSX_1259,Ex-UP,SW10,17817,1000
RSSX_1320,,NW2R,7325,
RSSX_1337,blt 5/51 as ATSF 2696,GP7u,13207,
RSSX_1414,,GP10,16466,1800
RSSX_1416,,GP10,14432,1800
RSSX_1493,,GP18,26026,1800
RSSX_1501,Built as Canadian Sugar 1501,25 Tonner,32636,
RSSX_1503,ex GTW,SW1200,20416,1200
RSSX_1602,,GP20D,,2000
RSSX_1621,,GP7,18981,1500
RSSX_1633,,GP7u,,
RSSX_1681,blt 1/81 as MP GP50 3523,LEAF,807023-14,
RSSX_1700,ex-IC,GP18,25752,1800
RSSX_1802,Ex-ATSF,CF7,2730,1500
RSSX_1810,Should be ex SP3742,GG20B,33960,
RSSX_1812,"ex-SAL 1759, ex-CSX 1812",GP16,13372,1600
RSSX_1814,GP16,UNKNOWN,12902,
RSSX_2044,"ex 	EMD GP20	Built As:	SP 7232 (GP20)",LEAF,27353,
RSSX_2056,,LEAF,,
RSSX_2056,Model: Railserve LEAF,UNKNOWN,,
RSSX_2120,Built 1/55 SOO 2120,SW1200,19085,1200
RSSX_2255,Ex-CR GP35 #2255,LEAF,29004,
RSSX_2266,,GP9,21593,1750
RSSX_2269,nee SP1604,SW1200,29645,1200
RSSX_2297,ex SP 2297,SW9,15608,1200
RSSX_2346,Strobe light for yard operation. Slight modernization.,NW2,4773,1000
RSSX_2451,Ex-SP 2451,SW1500,33142,1500
RSSX_2500,,SW1500,33987,1500
RSSX_2519,ex-SSW 2519,SW1500,34436,1500
RSSX_2524,Ex-CBQ GG10B,LEAF,5312-13,
RSSX_2527,ex-SP 2527,SW1500,35220,1500
RSSX_2537,ex-SP 2537,SW1500,35230,1500
RSSX_2570,,SW1500,,1500
RSSX_2580,Ex-SSW,SW1500,35758,1500
RSSX_2589,ex SSW 2589,SW1500,7367-7,1500
RSSX_2605,"ex-M&STL 709, C&NW 4333",GG20B,24764,
RSSX_2616,,GG20B,,
RSSX_2651,Ex-SP. Sold to LTEX,SW1500,4608-61,1500
RSSX_2669,,SW1500,4608-79,1500
RSSX_3016,,LEAF,28045,
RSSX_3021,"Former Hartwell 3021 (ex-Rio Grande), sold to RSSX early '12, will reported",GP30,28050,2250
RSSX_3380,"Ex-SP 3380. Sold to GSHX, to OMLX",G12,21380,1310
RSSX_3382,ex-TNO 435 > SP 3557 > 3382,GP9R,21419,
RSSX_3408,ex-SP,GP9,21387,1750
RSSX_3428,ex-SP,GP9,21371,1750
RSSX_3429,"ex-SP, o/n 5377-18",GP9R,20146,
RSSX_3429,LEAF,GP9R,20146,
RSSX_3429,,LEAF,,
RSSX_3432,ex SP 3432,GP9E,21342,
RSSX_3601,"CN 7033, CN 7733, Prem Std Farms 3439, Murphy-Brown of MO, MDLX/RSSX 3601",SW1200,A1043,1200
RSSX_3742,,GP9,22960,1750
RSSX_3756,,GP9,,1750
RSSX_3759,Switches Eastman Chemical Plan,GP9,22898,1750
RSSX_3766,,GP9,22895,1750
RSSX_3766,,LEAF,22895,
RSSX_3817,,GP9,25123,1750
RSSX_3838,Ex-SP,LEAF,25112,
RSSX_3838,Ex-SP,GP9,25112,1750
RSSX_4124,,GP7,,1500
RSSX_4130,Ex-CRIP 1303 converted to LEAF,GP10,16450,1800
RSSX_4155,Ex-CRIP,GP7,17594,1500
RSSX_4156,,GP7,15177,1500
RSSX_4163,,GP7,16471,1500
RSSX_4180,ex-CNW 4180. Sold to LTEX,GP7,16463,1500
RSSX_4254,ex-KCS nee-SP (SW1),Yard Slug,1316,
RSSX_4294,,GP7,,1500
RSSX_4298,,GP7,14312,1500
RSSX_4364,Ex-SLSF,GP7,11991,1500
RSSX_4367,EX-SLSF,GP7,9914,1500
RSSX_4443,Ex-SLSF,GP7,13323,1500
RSSX_4451,Ex-SLSF,GP7,14243,1500
RSSX_4454,Ex-SLSF,GP7,10190,1500
RSSX_4471,GP7R,GP7,14671,1500
RSSX_4487,,LEAF,,
RSSX_4495,Built as Nickel Plate #703 in June 1960,GP18,26026,1800
RSSX_4544,ex-CNW,GP9,23556,1750
RSSX_4547,,GG20B,,
RSSX_4548,Built 1/59 as CNW 1764 GP9,LEAF,25054,
RSSX_4551,Was built as SLSF #562 in 11/51,GP7,14243,1500
RSSX_5049,,GP10,16967,1800
RSSX_5487,,GP7R,14306,
RSSX_5495,ex-CNW,GP7R,18252,
RSSX_5495,,UNKNOWN,,
RSSX_5524,Ex-RSSX/SP 2524 Built 7/69,SW1500,35217,1500
RSSX_5547,Former RSSX 4547 and CNW,GP9,23566,1750
RSSX_5602,,LEAF,17087,
RSSX_5602,,GP7,17087,1500
RSSX_5605,ex-SP 2605,SW1500,4608-15,1500
RSSX_5810,,LEAF,13378,
RSSX_5810,"(EMD 13378, 12/50, 6193-13, ex-RSSX 5810, ex-Railserve 1810, ex-CSXT 1810",GG20B,13378,
RSSX_7009,Ex-ATSF,CF7,13720,1500
RSSX_7011,Ex-ATSF,CF7,2730,1500
RSSX_7015,Former GTW 7015,SW9,17653,1200
RSSX_7016,ex-GTW 7016,SW9,17654,1200
RSSX_7983,,GP8,16962,
RSSX_7984,"ex- DTI 956, ex-ICG 7984",GP8,16963,
RSSX_7989,Ex-QNSL,GP8,A261,
RSSX_8049,,GG20B,,
RSSX_8203,,GP9u,,
RSSX_8215,Ex CP,GP9u,A961,
RSSX_8216,,GP9u,A1124,
RSSX_8220,"Educated guess on model, seems to be nee-CP 8220",GP9u,A1150,
RSSX_8233,,GP9,A1136,1750
RSSX_8234,Built as Canadian Pacific #8809 GP9 Feb. 1958,GP9,A1461,1750
RSSX_8238,,GP9,,1750
RSSX_8245,,GP9,,1750
RSSX_8252,Ex-CP,GP9u,A1163,
RSSX_8260,,GP10,17736,1800
RSSX_8321,"ex-CO, converted to a green go",GP10,21189,1800
RSSX_8345,"(EMD 22249, 10/56, 5489-5, ex-Railserve 8345, ex-PAL 8345, ex-PAL 8154, ex",LEAF,22249,
RSSX_8358,"Ex KRS, ex IC, ex ICG, nee CRR.",GP10,22697,1800
RSSX_8922,Ex-NYC,SW9,9961,1200
RSSX_8939,,SW9,14505,1200
RSSX_8950,,SW9,15496,1200
RSSX_8951,,SW9,14745,1200
RSSX_8959,,SW9,14753,1200
RSSX_8999,"02/1953, 4192-10, xCR 8999, xx",SW9,16321,1200
RSSX_9022,NEE DLW556 EL451 CR9022,SW9,15733,1200
RSSX_9022,ex-DLW SW9 556,LEAF,15733,
RSSX_9025,ex-DLW,SW9,17888,1200
RSSX_9140,,GG20B,,
RSSX_9324,,SW1200,23766,1200
USSX,,UNKNOWN,,
USSX_ET-0,,SW1500,,1500
USSX_1,,Yard Slug,,
USSX_1,"Ex-ATSF 1238, BLT 11/1953",SSB1200,18963,
USSX_1,Blt. 7/1951,S12,75281,
USSX_ET-1,ex-PLE 1558,SW1500,38467,1500
USSX_LM1,ex-SSW 1057/2203,SW7,11386,1200
USSX_2,"Duluth Works, ex-ASWX 23-1,",VO-660,64387,
USSX_ET-2,Ex-PLE 9280/1573,SW1500,36834,1500
USSX_LM2,,NW2,,1000
USSX_ET-3,Ex-PLE,SW1500,36842,1500
USSX_ET-4,,SW1200,23770,1200
USSX_5,ex-Tenn. Coal Iron 504,S2,70268,
USSX_ET-5,,SW1200,23771,1200
USSX_ET-6,ex-PLE,SW1500,38470,1500
USSX_7,On Display,0-4-0T,5737,
USSX_7,,35Tonner,,
USSX_ET-7,,SW1500,38464,1500
USSX_ET-8S,,Yard Slug,,
USSX_9,,SW7,10398,1200
USSX_9,Blt. 11/1951,H-12-44,12L571,
USSX_12,BLT 1950,80Tonner,,
USSX_13,"Blt 11/1957, PRR 7920,PC 9020,CR 9339, USS Great Lakes Works 69",SW1200,24152,1200
USSX_14,Ex-ATSF 1234,SSB1200,18959,
USSX_15,,Unknown,,
USSX_15,"Ex-ATSF 1236, BLT 11/1953",SSB1200,18961,
USSX_16,"ex USSX Bicentennial 76, ex Rayonier 203, ex MCR 30",S12,75912,
USSX_17,,S12,76091,
USSX_18,Ex-EJ&E 458,NW2,,1000
USSX_18,Blt. 2/1952,S12,75543,
USSX_19,,NW2,,1000
USSX_20,ex-Oliver Iron Mining 933,S12,75053,
USSX_23,,NW2,,1000
USSX_23,"Blt. 11/1952, ex-PC,PRR",H-12-44,12L647,
USSX_23,"Columbia Geneva Steel, EMD repowered",DS44-1000,72853,
USSX_24,"Ex PRR 8714, ex-PC 8330, scrapped",H-12-44,12L640,
USSX_24,"US Steel 24  S-2u  (ALCo 70064, 11/43, ex-Lone Star Steel 24, nee-ATSF S-2",Yard Slug,70064,
USSX_24,Geneva Works #24,DS44-1000,72854,
USSX_25,ex-Columbia Geneva Steel 25,DS44-1000,72855,
USSX_26,"Blt. 8/1952, ex-PC, NYC. Sold to SLRS",H-12-44,12L613,
USSX_26,,SW1200,23784,1200
USSX_27,"Ex Army 1845, To Loco Trouble Shooting 1845",H-12-44,12L669,
USSX_30,Geneva Works #30,DS44-1000,73609,
USSX_30,"Ex-UP 1058, BLT. 3/1947",NW2,4704,1000
USSX_33,ex-CGS,S12,76138,
USSX_35,,SW1001,,1000
USSX_36,ex-American Steel & Wire 5,SW900,24731,900
USSX_38,Ex-GLSX,SW1,18783,600
USSX_38,Geneva Works,DS44-1000,73958,
USSX_38,,NW2,,1000
USSX_40,,SW8,,800
USSX_43,,SW9,17870,1200
USSX_44,,Yard Slug,,
USSX_46,,SW9,26213,1200
USSX_47,,SW9,,1200
USSX_48,,SW9,,1200
USSX_48,,SW8,,800
USSX_48,Ex Great Lakes Steel,SW1200,27312,1200
USSX_50,,SW9,,1200
USSX_52,,SW9,30738,1200
USSX_53,,SW900,25446,900
USSX_53,,SW9,30739,1200
USSX_54,Ex RI 779,SW9,18964,1200
USSX_55,nee TP 1297,SW900,23987,900
USSX_55,nee TP 1297,SW900,23987,900
USSX_56,"US Steel 56  S-4u  (ALCo 80059, 7/52, ex-Lone Star Steel 56, ex-T&N 56, nee",Yard Slug,80059,
USSX_59,Ex CN,SW1200RS,A1022,1200
USSX_61,ex-CN,SW1200RS,A1364,1200
USSX_62,,70Tonner,,
USSX_63,,SW1200,,1200
USSX_64,,SW1,,600
USSX_68,,SW1001,,1000
USSX_72,,SW1200,21056,1200
USSX_73,,SW1000,,1000
USSX_74,SW1000M,SW1000,,1000
USSX_74,,S2,,
USSX_75,ex-EJE 454 to US Steel #75 07/1964,S2,69412,
USSX_76,,S12,,
USSX_76,,44Tonner,,
USSX_77,,S12,,
USSX_81,,S2,,
USSX_83,,S2,,
USSX_85,Built 12/1959,SW900,A1825,900
USSX_85,,S2,,
USSX_87,,S2,,
USSX_100,ex-GMO,S2,74807,
USSX_110,,NW2R,,
USSX_112,ex-PLE 8546,S2,76966,
USSX_113,,S2,,
USSX_118,,S2,,
USSX_119,,NW2,,1000
USSX_121,ex-TCI,S12M,75012,
USSX_127,,Unknown,,
USSX_131,ex-Tennessee Coal and Iron 802,VO-1000,72789,
USSX_134,,RS1m,,
USSX_135,,RS1,,
USSX_136,,RS1,,
USSX_150,Ex-BLE 150,SW1500,7355-33,1500
USSX_153,Ex-BLE 153,SW1500,7355-3,1500
USSX_162,ex-Tenn. Coal and Iron 1501,DRS6-6-1500,73747,
USSX_163,blt 05/51 as Tenn. Coal & Iron 1502,AS616,75069,
USSX_165,,AS616,,
USSX_166,ex-Tennessee Coal & Iron 1505,AS616,75169,
USSX_170,,MP15DC,756100-1,1500
USSX_202,ex-Nevada Power 1,100Tonner,35150,
USSX_203,ex-MCR,S12,75912,
USSX_206,Frame # 4391-1 SW900,SW900,23474,900
USSX_224,,SW1001,,1000
USSX_226,,SW1001,,1000
USSX_300,"ex-Columbia Steel Co. 300, blt 5/25",0-6-0,58379,
USSX_313,"Blt 7/1949, ex-EL,Erie",S12,74618,
USSX_352,,SW1500,7355-47,1500
USSX_421,,50Tonner,33151,
USSX_541,,SW9,18964,1200
USSX_623,,MP15DC,,1500
USSX_701,"ex-TCI. Sold to BSCX, to BSOR",S1,69683,
USSX_712B,ex-BLE 712B,F7B,13689,1500
USSX_723A,blt 6/52 as B&LE 723A,F7A,16595,1500
USSX_723B,ex-BLE 723B,F7B,17913,1500
USSX_724,ex-BLE,F7A,16596,1500
USSX_724A,,F7A,16596,1500
USSX_726A,blt 2/53 as B&LE 726A,F7A,17910,1500
USSX_726B,ex-BLE 726B,F7B,17920,1500
USSX_901,GCSX marks,SW900,23176,900
USSX_926,,DS44-1000,,
USSX_929,"Blt. 6/1946, ex-OIM",DS44-1000,74189,
USSX_931,"Blt. 7/1949, ex-OIM",DS44-1000,74191,
USSX_960,,MP15DC,756119-6,1500
USSX_961,,MP15DC,,1500
USSX_968,,MP15DC,,1500
USSX_1106,ex-MP,SW1200,27874,1200
USSX_1111,,SW1200,,1200
USSX_1125,"Ex GS, ex UP, nee MP, to LTEX, to MWLX.",SW1200,27893,1200
USSX_1130,,SW1200,28751,1200
USSX_1187,ex-MP,SW1200,28763,1200
USSX_1191,,SW1200,,1200
USSX_1192,,SW1200,,1200
USSX_1204,ex-OIM,S8,75488,
USSX_1205,"Blt. 10/1951, Ex-OIM",S8,75489,
USSX_1240,,SW9,,1200
USSX_1242,,SW1200,,1200
USSX_1242,,SW9,,1200
USSX_1244,,SW1200,,1200
USSX_1246,,SW9,,1200
USSX_1247,,SW1200,,1200
USSX_1248,,SW8,,800
USSX_1248,,SW1200,,1200
USSX_1249,,SW1500,,1500
USSX_2589,,SW900,,900
USSX_2609,,DS44-1000,,
USSX_9556,,SW1,,600
USSX_9642,,NW2R,4784,
USSX_9650,,UNKNOWN,,
USSX_9654,,SW1001,,1000
USSX_9654,,UNKNOWN,,
USSX_9667,,SW900,24732,900
USSX_9667,,S2,,
USSX_21,,SW9,15132,1200
USN_1,,45Tonner,15151,
USN_1,1916 GMW 0-4-0 2 ft gauge,UNKNOWN,581,
USN_2,1916 GMW 0-4-0 2 ft gauge,UNKNOWN,582,
USN_3,"0-4-0T Built by Cooke in 1918 as #8, transferred to Philadelphia re# 3",0-4-0T,59957,
USN_4,,0-6-0T,6369,
USN_5,ex-USAX 2100 > USN 65-00586 > USN 5,MRS-1,80333,1600
USN_5,made 10/1943 per SCRM,45 Tonner,,
USN_7,USN 7 blt 1918,0-4-0T,6361,
USN_7,blt 4/1917 as USN 7;,0-4-0T,2644,
USN_8,American locomotive crane,MoW Equipment,,
USN_8,Rebuilt speeder,MoW Equipment,,
USN_11,GE 65 TON NAVY,65Tonner,15237,
USN_13,,65Tonner,,
USN_13,,65Tonner,,
USN_350,Mar-53,80Tonner,31827,
USN_1225,"65-00632, ex USAX",44 Tonner,3373,
USN_1818,USN 65-00574,MRS1,15883,
USN_2098,ex-USAX 2098,MRS-1,80331,1600
USN_65-DO627,Port Hueneme,SW1200,,1200
USN_65-0144,50Ton D/E,40-ton WDT,4416,
USN_700440,"1942, located at St. Louis Museum Of Transportation",25 Tonner,,
USN_65-00035,Ex USNAD/Fallbrook 1,NW2,1922,1000
USN_65-00040,"3/43, to Citrus Industry Supply 02/80",S2,69996,
USN_65-00053,,65Tonner,17879,
USN_65-00066,,45Tonner,15259,
USN_65-00131,"ex-NAD 8 >10, reblt, to LTEX",VO-1000M,71968,
USN_65-00132,,VO-1000M,71969,
USN_65-00144,Plymouth 50 Tonner,40-ton WDT,4416,
USN_65-00174,Now Hawaiian Railway 174,65 Tonner,60642,
USN_65-00252,,50-DE-58a-1,60326,
USN_65-00296,Ex-US Navy,80Tonner,31037,
USN_65-00298,,80Tonner,27861,
USN_65-00302,Now Oahu Railway 302.  At the Hawaiian Railway Society.,45 Tonner,60403,
USN_65-00307,,80Tonner,31327,
USN_65-00308,"Navel Ammo Depot, Shunaker, AR",80Tonner,31328,
USN_65-00309,,80Tonner,31179,
USN_65-00310,ex-USAX,80Tonner,31180,
USN_65-00316,,45 Tonner,,
USN_65-00328,Portsmouth Naval Shipyard,50 Tonner,7349,
USN_65-00341,,80Tonner,27569,
USN_65-00344,,44Tonner,31871,
USN_65-00349,,80Tonner,,
USN_65-00355,"3/97 At Camp Pendleton, CA.  Former USMC 289688",80Tonner,31829,
USN_65-00356,,80Tonner,31830,
USN_65-00359,Built 4/1953,80Tonner,31833,
USN_6500359,,80Tonner,,
USN_65-00363,Naval Ammunition Depot 15,80Tonner,31837,
USN_65-00364,,80Tonner,,
USN_65-00367,Earle NWS blt 11/52,S12,75707,
USN_65-00369,,S12,75709,
USN_65-00372,,S12,75712,
USN_65-00385,,80Tonner,,
USN_65-00386,"NSC Mechanicsburg, PA",80Tonner,31852,
USN_65-00391,,S12,75796,
USN_65-00392,Atlas 50-Ton built May 1941.,UNKNOWN,2255,
USN_65-00404,,45 Tonner,,
USN_65-00411,,80Tonner,31857,
USN_65-00423,Now Hawaiian Railway 423,45 Tonner,,
USN_65-00469,,UNKNOWN,,
USN_65-00490,,25 Tonner,15857,
USN_65-00495,US Navy 2' gauge mine locomotive. Preserved at Hawaiian Railway Society,Unknown,,
USN_65-00498,Goose Creek NWS to Denton,65Tonner,17741,
USN_65-00499,,44Tonner,,
USN_65-00502,SCRM,45Tonner,,
USN_65-00503,dropcab 45 tonner,45Tonner,27593,
USN_65-00504,Mar-42,44Tonner,15119,
USN_65-00519,,45Tonner,,
USN_65-00524,,80Tonner,30990,
USN_65-00528,Charleston Naval Station,45Tonner,,
USN_65-00531,ex-US Army 7140,VO-1000,67727,
USN_65-00541,ex-USAX 2119,MRS-1,80352,1600
USN_65-00545,ex-US Army 2123,MRS-1,80356,1600
USN_65-00546,ex-USAX 2091,MRS-1,80324,1600
USN_65-00552,ex-USAX 7041,45Tonner,12967,
USN_65-00554,ex-USAX 2103,MRS-1,80336,1600
USN_65-00556,Ex-USAX,44 Tonner,3372,
USN_65-00566,,44Tonner,,
USN_65-00568,,35Tonner,,
USN_65-00571,"12/77 In Portland, OR eroute from Hawthorne, NV to the Alaska Railroad",MRS1,15880,
USN_65-00572,"12/77 In Portland, OR eroute from Hawthorne, NV to the Alaska Railroad",MRS1,15881,
USN_65-00573,"12/77 In Portland, OR eroute from Hawthorne, NV to the Alaska Railroad",MRS1,15882,
USN_65-00576,NAS Whiting Field,65Tonner,15664,
USN_65-00580,ex-USAX 7516,44Tonner,15759,
USN_65-00586,"ex-USAX 2100, to ARR for parts",MRS-1,31655,1600
USN_65-00595,ex-USAX V-1402 Lone Star Ord. Plant 1,65Tonner,15164,
USN_65-00599,ex-USAX 7347 MS Ordnance Works 2,65Tonner,15237,
USN_65-00600,ex-USAX 7348,65Tonner,15163,
USN_65-00605,,65Tonner,,
USN_65-00606,Puget Sound Naval Shipyard #6,65Tonner,13036,
USN_65-00606,,65Tonner,13036,
USN_65-00607,Charleston Naval Station,65Tonner,,
USN_65-00608,"blt 10-44, ex USMC 250894, ex USAX/USAF 7508",44Tonner,15118,
USN_65-00612,ex-USAX B2066,MRS-1,80382,1600
USN_65-00614,ex-USAX B2048,MRS-1,80364,1600
USN_65-00622,"ex-USN 3, reblt from 65-00027 in 10/85",VO-1000M,69559,
USN_65-00626,,UNKNOWN,,
USN_65-00626,,S3,,
USN_65-00627,blt 1/54 as MILW 1638,SW1200,18759,1200
USN_65-00630,Earle NWS,SW1200,20064,1200
USN_65-00631,Earle NWS,SW1200,20075,1200
USN_65-00636,Earle NWS,SW900,26020,900
USN_65-00647,Actually 3GS18B-R (No option in menu),3GS21B,5516-61,
USN_65-00648,Actually 3GS18B-R (No option in menu),3GS21B,,
USN_65-00650,"ex-Marathon Oil GP16 99, ex-CSXT 1728, ex-SBD 4628, ex-SCL 4628, ex-SCL GP9",2GS14B,22648,
USN_65-00652,"Integral dx/Ritalka SWM9, first of its kind",UNKNOWN,1,
USN_84-00503,locomotive crane built in 1943 by American Hoist & Derrick,MoW Equipment,,
CRGX,CD Jennings Grain 3/1959,25 Tonner,6176,
CRGX,35T Continental Grain 1/1967,25 Tonner,6555,
CRGX,,25 Tonner,,
CRGX,,35Tonner,34371,
CRGX_unk,,45 Tonner,,
CRGX_1,Aug-55,25 Tonner,76119,
CRGX_1,ex-SP,NW2,7315,1000
CRGX_1,,44Tonner,,
CRGX_2,,SW9,13213,1200
CRGX_2,blt 1942,45Tonner,,
CRGX_2,ex-USAX 7851,80Tonner,17751,
CRGX_4,ex-EJE 423,NW2,4786,1000
CRGX_5,"Built 10/46, ex-N.C. Ports Authority Ry 5, ex-Southern #2245, 1036",NW2,3656,1000
CRGX_7,,SW9,,1200
CRGX_11,"ex-B&O 630, 9405",SW900,20389,900
CRGX_11,Ex-Commonwealth Edison 11,SW1,1632,600
CRGX_11,ex-PTR,65 Tonner,61198,
CRGX_14,"""Little Di,"" ex LN, to MWLX.",SW1,1563,600
CRGX_18,"ex-US Navy 65-00506, nee-US Army 7286",80Tonner,17893,
CRGX_22,Ex-USAX,65Tonner,17884,
CRGX_25_TONNER,"25 Ton Switcher, Unknown number",25 Tonner,,
CRGX_30,,44Tonner,15041,
CRGX_52,blt 4/53 as Hercules Powder 2,65 Tonner,61200,
CRGX_61,,NW5,4149,
CRGX_62,ex-EJE,SW1,1233,600
CRGX_66,,45Tonner,,
CRGX_66,,80-DE-21,,
CRGX_80T,,80Tonner,,
CRGX_87,"CBQ 9136 to BN 78 to CIRC J33-3, Bethlehem Steel 18:2 to National Metals 18",SW1,897,600
CRGX_89,Ex T&NO 81,NW2,7326,1000
CRGX_90,ex-CNW 2001A/1010,TR2A,10022,
CRGX_100,Ex-SP,SD9,19441,1750
CRGX_101,Ex-C&O,SW9,15520,1200
CRGX_102,"ex BN 481, ex GN",NW2,1713,1000
CRGX_105,Blt as FP&E 105 10/51,S4,79225,
CRGX_157,blt 8/41 as EJ&E 239,SW1,1397,600
CRGX_202,,SD9,20223,1750
CRGX_212,ex BUGX 212; nee BNSF 8826,SD70MAC,976814-110,4150
CRGX_301,,CF7,,1500
CRGX_303,ex CXR/BUGX 303; ex BUGX 303; ex BNSF 9546; nee BN 9546,SD60MAC,946555-5,3800
CRGX_305,"ex IRTX 305, ex WTCX 305/312, ex BN 1870, ex NP 247",GP9,21092,1750
CRGX_316,blt 4/55 as Standard Slag #45,50-DE-58a-1,76111,
CRGX_401,Ex-MP,SW1200,28750,1200
CRGX_402,,SW900,20385,900
CRGX_404,,MP15,74662-4,
CRGX_405,Rebuilt GP10?,GP9,22066,1750
CRGX_407,,GP9R,,
CRGX_481,,44 Tonner,3367,
CRGX_570,Ex-PC,SD38-3,36905,
CRGX_573,Ex-L&N,SD38-3,38205,
CRGX_575,ex BUGX 575; ex BNSF 9657; nee BN 9657,SD60MAC,946565-86,3800
CRGX_601,,SW8,17229,800
CRGX_602,Model: EMD SD38,SD38,36433,2000
CRGX_603,Ex-PC,SD38,36432,2000
CRGX_604,Ex-NAR,SD38-2,A3355,2000
CRGX_605,Former IHB 2921,SD20,25369,2000
CRGX_606,,SD35,29844,2500
CRGX_607,"Former MVPX 1228, NIWX 1228, Reserve Mining",SD18,26656,1800
CRGX_609,,SD20,25659,2000
CRGX_610,,SD20,25665,2000
CRGX_611,Former DMIR 301,SD-M,25274,
CRGX_613,Ex-BN,SD40-2,786256-63,3000
CRGX_614,ex-GTW,GP9R,22861,
CRGX_615,Ex-MVPX 1507,GP7u,A504,
CRGX_616,"nee ALQS 1213, CUVA 1213, LTV rebuilt it to SW9m with 8-567CR block",SW9R,23080,
CRGX_701,"Former IC 9450, CAGY 701",SD28,30704,1800
CRGX_822,,SW8,16617,800
CRGX_864,Ex-B&M,S5,80920,
CRGX_1004,blt 5/40 as UP 1004,NW2,1003,1000
CRGX_1004,Ex-WSTX,SW1,5765,600
CRGX_1017,"Last ALCo built Jan. 10, 1969. Sold to GLLX",T6,6017-02,
CRGX_1053,,S4,81974,
CRGX_1278,Ex-CNW,SW1,18110,600
CRGX_1320,E1045-32,NW2,7325,1000
CRGX_1337,blt 5/51 as ATSF 2696,GP7u,13207,
CRGX_1342,,GP7u,18886,
CRGX_1504,Ex-CN,SW1200RS,A740,1200
CRGX_1528,ex-ATSF,S4,80061,
CRGX_1990,ex-KCS 4221 nee-KCS 1221,NW2,5566,1000
CRGX_2000,ex-CRIP,GP7R,18864,
CRGX_2002,ex-MP,SD40-2,786178-20,3000
CRGX_2014,"nee ATSF 2835, ATSF 2014 Gp7u, CRGX 2014 ""Mighty Cow"", DGNO 2014, BUGX 2014",GP7u,17646,
CRGX_2254,ex-SSW,SW1200,28899,1200
CRGX_4354,"20 ton, 2/1942",8 Ton,4354,
CRGX_6008,Ex-GN,SD7,16107,1500
CRGX_6751,"ex-B&0 213, 8413",SW1,1111,600
CRGX_6971,Ex-B&O,SW1,1111,600
CRGX_6990,,SD40-2,A2305,3000
CRGX_7350,Ex-USAX,65Tonner,15730,
CRGX_8000,ex-ERIE,S4M,80089,
CRGX_8333,"ex-IC 8978, ex ICG GP8 7978",GP8,17737,
CRGX_9330,Ex-PRR,SW1200,24143,1200
CRGX_9335,Nee CR 9535  PC 9016  PRR 7916. Sold to RRC,SW1200,24148,1200
CRGX_9349,blt 4/58 as PRR 7930,SW1200,24162,1200
SRS_115,Sperry Rail Service #115; Brill Model 55,Doodlebug,22880,
SRS_118,"ex-B&O 6004, to SRS 10/33",Doodlebug,1368C-172,
SRS_119,"""Bob Owen"", ex-B&O 6003, to SRS 10/33",Doodlebug,1368C-171,
SRS_120,Sperry Rail Service #120; St. Louis Car Company.,Doodlebug,,
SRS_123,"Blt 11/26 nee B&O 6066, reblt to LV 14, to SRS 2/36",Doodlebug,1386A-369,
SRS_124,"Blt 6/27 nee LV 20, 59' StLC, to SRS 11/37",Doodlebug,1452-241,
SRS_125,"blt 11/25 nee LV 26, 60' StLC",Doodlebug,1376-135,
SRS_126,"ex-EMC demo 108, ex-C&NW 9900, to SRS 3/37",Doodlebug,1352-141,
SRS_127,"ex-B&M 1151/151, to SRS 8/39",Doodlebug,1368D-128,
SRS_128,"Blt 09/25 as BO 6007, rejected, sold to LV 15, 59' StLC",Doodlebug,1386B-363,
SRS_129,"EMC-St Louis, to SRS  4/38",Doodlebug,1376A-133,
SRS_130,"blt 11/25, nee LV 28, 60' StLC",Doodlebug,1376-136,
SRS_131,"blt 11/25 nee LV 27, 60' StLC",Doodlebug,1376-134,
SRS_132,"Built 1925 as SAL #2003, to SRS 132 in 1943",Doodlebug,1365-138,
SRS_134,"blt by St. Louis-EMC, ex-SAL 2022, to SRS 4/45",Doodlebug,1459-261,
SRS_135,"ex-SAL 2023, to SRS 7/45",Doodlebug,1459-262,
SRS_136,"ex-NYC M-11, to SRS 4/19/48",Doodlebug,22547,
SRS_137,"ex-SOO M-1, to X1450 welding car 10/42",Doodlebug,1360C-117,
SRS_138,"ex-RI 9057, to SRS 138 9/20/71",Doodlebug,1475-333,
SRS_139,ex-CNW,Doodlebug,1394,
SRS_140,ex-NYCTA R-33 subway car shell,Doodlebug,R-33,
SRS_141,"ex-RI 9050:2, named Elmer Jackson",Doodlebug,1475-326,
SRS_142,ex-C&NW 300882,MoW Equipment,,
SRS_143,"SRS-Brooklyn blt. 10/1974, 5 star body",Doodlebug,,
SRS_144,Sperry Rail Service; built new to SRS specifications in 1975.,MoW Equipment,,
SRS_145,Built by SRS Danbury in 1975,MoW Equipment,,
SRS_146,,MoW Equipment,,
SRS_146,"Sperry Test Car, SRS-Brooklyn, 12/75, Hillebrand body",Doodlebug,,
SRS_146,"Sperry Test Car, SRS-Brooklyn, 12/75, Hillebrand body",MoW Equipment,,
SRS_147,Sperry self-propelled rail det,MoW Equipment,,
SRS_148,"""Jack Finney"" Blt: 1985, SRS-Danbury",MoW Equipment,,
SRS_149,Blt. 1986,MoW Equipment,,
SRS_193,,UNKNOWN,,
SRS_402,Sperry Rail Service #402.,UNKNOWN,,
SRS_403,"ex-NH 18, Mack-GE Railbus , to SRS 9/58",Doodlebug,1009,
SRS_565,,MoW Equipment,,
SRS_613,,MoW Equipment,,
SRS_751,,MoW Equipment,,
SRS_756,,MoW Equipment,,
SRS_765,,MoW Equipment,,
SRS_766,,MoW Equipment,,
SRS_774,,MoW Equipment,,
SRS_805,,MoW Equipment,,
SRS_806,,MoW Equipment,,
SRS_807,,MoW Equipment,,
SRS_811,,MoW Equipment,,
SRS_812,Ford Truck HiRail,UNKNOWN,,
SRS_813,,MoW Equipment,,
SRS_820,Ford Truck HiRail,UNKNOWN,,
SRS_824,,MoW Equipment,,
SRS_825,Ford High Rail Vehicle,UNKNOWN,,
SRS_826,,MoW Equipment,,
SRS_832,Sperry Rail Services Hy-Rail,MoW Equipment,,
SRS_857,,MoW Equipment,,
SRS_861,,MoW Equipment,,
SRS_869,Sperry truck,MoW Equipment,,
SRS_875,,MoW Equipment,,
SRS_877,,MoW Equipment,,
SRS_903,Hi-Rail vehicle,UNKNOWN,,
SRS_905,,MoW Equipment,,
SRS_906,,MoW Equipment,,
SRS_909,,MoW Equipment,,
SRS_910,,UNKNOWN,,
SRS_918,,MoW Equipment,,
SRS_919,,MoW Equipment,,
SRS_938,,MoW Equipment,,
SRS_939,,MoW Equipment,,
SRS_953,,MoW Equipment,,
SRS_954,,MoW Equipment,,
SRS_955,,MoW Equipment,,
SRS_957,,MoW Equipment,,
SRS_958,,MoW Equipment,,
SRS_960,,MoW Equipment,,
SRS_961,,MoW Equipment,,
SRS_962,Ford High-Rail Vehicle,UNKNOWN,,
SRS_976,,MoW Equipment,,
SRS_977,,MoW Equipment,,
SRS_978,Ford High-Rail Vehicle,UNKNOWN,,
SRS_980,,MoW Equipment,,
SRS_989,,MoW Equipment,,
RLIX_17,ex-IC,GP10,21490,1800
RLIX_107,ON GVSR now,SW1200,29640,1200
RLIX_108,,NW2R,29639,
RLIX_111,,SW7,8502,1200
RLIX_137,Mandated Scrapping by EPA,SW7,10390,1200
RLIX_146,ex-Canton 46,SW900,23075,900
RLIX_148,ex-Canton 48,SW900,23077,900
RLIX_152,,GP7,13365,1500
RLIX_154,"blt as GN 654, ex-BN 1554",GP7,17868,1500
RLIX_164,SW9,SW7,14908,1200
RLIX_202,"Ex-RF&P 83, CSX 1302",SW1200,30515,1200
RLIX_203,"blt as RF&P 84, ex-CSX 1303",SW1200,30511,1200
RLIX_208,"ex-ITC 782, ex-NW 1208",SW1200,20673,1200
RLIX_212,"ex-ITC 786, ex-NW 1212",SW1200,20677,1200
RLIX_230,ex-DRGW 130,SW1200,30016,1200
RLIX_233,,SW1200,18965,1200
RLIX_238,,SW1200,30027,1200
RLIX_241,,SW7,15487,1200
RLIX_247,ex-PRR,SW7,10412,1200
RLIX_266,Ex-MP. Mandated Scrapping by EPA,SW10,12561,1000
RLIX_278,ex-FWD 609. Sold to LTEX,SW1200,25045,1200
RLIX_285,"07/1965, 7811-2",SW1200,30512,1200
RLIX_331,ex-PC/CR 9517,SW1500,7355-8,1500
RLIX_336,"ex-PC,CR",SW1500,7355-27,1500
RLIX_339,nee PC,SW1500,7355-30,1500
RLIX_340,,SW1500,7355-31,1500
RLIX_349,Ex Conrail,SW1500,7355-40,1500
RLIX_392,,SW1500,31711,1500
RLIX_402,"ex-CR,P&E",GP8,12999,
RLIX_403,"ex-CR,P&E",GP8,13005,
RLIX_426,,GP16,21523,1600
RLIX_427,,GP16,21518,1600
RLIX_435,,GP7,14570,1500
RLIX_437,,GP7,14569,1500
RLIX_439,,GP7,17676,1500
RLIX_444,"Sold to CWRY, to FCRD",GP16,11917,1600
RLIX_473,,GP16,15599,1600
RLIX_477,Ex-ATSF,CF7,8937,1500
RLIX_486,Sold to CLNA,GP10,20165,1800
RLIX_518,Ex-ATSF,CF7,6626,1500
RLIX_555,Ex-ATSF. Sold to AARX,CF7,7756,1500
RLIX_1002,,SW1001,776103-2,1000
RLIX_1003,"Ex-SAPT, Exx-CR, Exxx-RDG",SW1001,73623-24,1000
RLIX_1004,This unit is on the Galveston. Mandated Scrapping by EPA,SW1001,776052-1,1000
RLIX_1005,"Ex GVSR, nee GWF, to SSRX, to GMTX.",SW1001,756080-1,1000
RLIX_1006,REBUILT EX CONRAIL ALCO MTA WITH RS11 SHELL.,MT4,81928,
RLIX_1204,,SW1200,18967,1200
RLIX_1206,,SW1200,30242,1200
RLIX_1210,Rebuilt to SW1001-1 from RLIX 202,SW1200r,30515,
RLIX_1211,,SW1200,20547,1200
RLIX_1212,,SW1200,20677,1200
RLIX_1214,,SW1200,29639,1200
RLIX_1215,ex- RLIX 203,SW1200,30511,1200
RLIX_1219,"Ex SCRF, ex MNA, ex AUNW, nee PHDX.",SW1200,2352,1200
RLIX_1220,SW1200-3,SW1200,30027,1200
RLIX_1249,,SW900,23077,900
RLIX_1250,ex-NYC. Mandated Scrapping by EPA,SW9,16312,1200
RLIX_1251,ex. Ohio Central System. Mandated Scrapping by EPA,SW7,13020,1200
RLIX_1251,,SW1200,13020,1200
RLIX_1342,ex twry 1342,GP18,25459,1800
RLIX_1428,ex-CR,GP15-1,787249-86,1500
RLIX_1500,,SW1500,34429,1500
RLIX_1503,,SW1500,36656,1500
RLIX_1507,"ex-BPRR 1507, QGRY 1507, CR 9519, PC 9519",SW1500,7355-10,1500
RLIX_1517,,SW1500,31753,1500
RLIX_1518,,SW1500,31754,1500
RLIX_1519,,SW1500,35070,1500
RLIX_1522,,SW1500,31711,1500
RLIX_1523,,SW1500,7355-48,1500
RLIX_1524,,SW1500,7355-31,1500
RLIX_1526,Ex-PC,SW1500,7355-8,1500
RLIX_1528,,SW1500,35590,1500
RLIX_1706,RAIL LINK,GP10,24296,1800
RLIX_1761,,GP16,21523,1600
RLIX_4929,,GP9,20316,1750
RLIX_5911,ex-DRGW,GP9,20523,1750
SVGX_204,"nee CRIP 929 SW1200, Timken 204, JCLX 204CAT repowered",RL1000,30743,
SVGX_1308,nee CN 1308 7/58,SW1200RS,A1545,1200
SVGX_1323,,SW1200RS,A1560,1200
SVGX_1343,nee CN 1343 7/58,SW1200RS,A1793,1200
SVGX_1350,nee CN 1350 6/59,SW1200RS,A1800,1200
SVGX_1352,"nee CN 1352 6/59. Sold to PREX, to BUGX",SW1200RS,A1802,1200
SVGX_1361,nee CN 1361 4/60,SW1200RS,A1846,1200
SVGX_1362,nee MP 1257 2/66,SW1200,31230,1200
SVGX_1363,nee MP 1148 4/66,SW1200,31222,1200
SVGX_1395,nee CN 1395 8/60,SW1200RS,A1880,1200
SVGX_1518,nee GTW 1518 3/60,SW1200,25750,1200
SVGX_1704,nee CRR 904 12/50,GP16,12299,1600
SVGX_2156,nee ATSF 2797 10/52,GP7u,17452,
SVGX_3234,,SD40-2,73641-18,3000
SVGX_3465,Ex-BN,SW1500,71605-10,1500
SVGX_3611,nee ATSF 7494 11/80,B36-7,43140,3600
SVGX_3612,nee ATSF 7495 11/80,B36-7,43141,3600
SVGX_7102,"nee CN 1230, reblt 1/87 to CN 7102",SW1200RSm,A857,
SVGX_7103,ex CANX/CN 7103,SW1200RSm,A865,
SVGX_7104,,SW1200RSm,A1020,
SVGX_7106,blt 1/57 as CN SW1200RS 1257,SW1200RSm,A1029,
SVGX_7107,ex-CN 1237 reblt in 1987 to CN 7107,SW1200RSm,A864,
SVGX_7302,ex-CN 1368 reblt in 1987 to CN 7302,SW1200RSm,A1853,
SVGX_7307,ex-CN 1397 reblt in 1987 to CN 7307,SW1200RSm,A1882,
SVGX_7308,,SW1200RSm,A1858,
SVGX_7400,,SW1500,4608-58,1500
SVGX_7402,,SW1500,4613-5,1500
SVGX_7403,nee SP 2663 7/72,SW1500,4608-73,1500
SVGX_7407,,SW10,18848,1000
SVGX_7409,ex-CP,SW1200RSm,,
SVGX_7410,MP15DC not a SW1500,SW1500,,1500
SVGX_7411,,MP15DC,,1500
SVGX_8355,,GP10,18807,1800
SVGX_8464,"ex PAL 8464, ex ICG 8464, ec I",GP10,23864,1800
SVGX_8601,Ex-IC,GP10,17729,1800
SVGX_8604,,GP10,A933,1800
SVGX_8605,,GP20,25564,2000
SVGX_8606,GP7u,GP40-2,18909,3000
SVGX_8607,,GP9,,1750
SVGX_8608,,GP9RM,,
SVGX_8609,,GP9RM,,
SVGX_8610,Ex-CN,GP9RM,A815,
SVGX_8611,"ex ATSF 2156, ex ATSF 2797 10/52",GP7u,17452,
SVGX_8614,Ex-CN,GP9RM,A1339,
SVGX_8615,ex CN 7026 ex 4229 b/n A-1342,GP9RM,A1342,
SVGX_8616,,GP38-3,36330,
SVGX_8618,,GP38-3,33689,
SVGX_8619,"painted 08/2008 at MAC, Kansas",GP38AC,37636,2000
SVGX_8620,"ex-BO 4816, CSX 2116, HLCX 3700",GP38,36692,2000
SVGX_8621,,GP9,25644,1750
SVGX_8622,,GP9,,1750
SVGX_8623,Likely ex-CP 5579.,SD40-2,A2578,3000
SVGX_8624,Likely ex-CP/SOO 786.,SD40-2,73795-1,3000
SVGX_8625,,2GS14B,,
SVGX_8625,SVGX 8625 < Soo 4203 (Gp9R *3/91) < CR 7349 < PC 7349 < NYC 8949 Gp9,GP9,20962,1750
SVGX_8626,,GP9RM,A805,
SVGX_8627,"Ex CN 4022, nee CN 4297",GP9RM,A1654,
SVGX_8627,,GP9,A1654,1750
SVGX_8628,,GP9,20962,1750
SVGX_8629,nee CN 4341,GP9RM,A1776,
SVGX_8629,nee CN 4341 9/59,GP9RM,A1776,
SVGX_8630,ex CN,GP9,A1635,1750
SVGX_8635,,SD40-2,74615-1,3000
SVGX_8636,,SD40-2,,3000
SVGX_8637,,SD40-2,776082-7,3000
SVGX_8638,,SD40-2,786166-16,3000
SVGX_8661,,SD60F,,3800
SVGX_8661,,UNKNOWN,,
SVGX_8729,"Ex PRLX, ex CSX, nee CR.",SD60I,946506-17,3800
SVGX_8734,ex ICG,GP11,23704,
USAF_1141,Builder Photo,7 Tonner,unknown,
USAF_1236,original assignment Wright-Patterson AFB,44Tonner,31874,
USAF_1237,originally assigned to Whiteman AFB,44Tonner,31875,
USAF_1239,originally assigned to Scott AFB,44Tonner,31877,
USAF_1241,,44Tonner,31879,
USAF_1242,,44Tonner,31880,
USAF_1243,,44Tonner,31881,
USAF_1244,,44Tonner,31882,
USAF_1246,"blt 1/53, originally assigned to Moody Field",44Tonner,31870,
USAF_1248,,RS-4-TC,61203,
USAF_1248,Balwin RS4TC from GAP6 Plant,RS-4-TC,61203,
USAF_1249,SC Railroad Museum,RS-4-TC,61204,
USAF_1275,Blt 2/54; now @ Shaw AFB,RS-4-TC,61289,
USAF_1276,SC Railroad Museum,RS-4-TC,61290,
USAF_1408,BUILT 3/41,65Tonner,12999,
USAF_1601,,80Tonner,31325,
USAF_1602,,80Tonner,,
USAF_1605,Now owned by the Truckee RR Museum,80Tonner,31815,
USAF_1606,,80Tonner,31816,
USAF_1607,,80Tonner,,
USAF_1644,"ex-Army, Assigned to Shaw AFB, SC",80Tonner,31351,
USAF_1650,,80Tonner,31357,
USAF_1651,,80Tonner,31358,
USAF_1655,,80Tonner,31362,
USAF_1663,Joint Base Langley Eustis,80Tonner,31370,
USAF_1668,,80Tonner,31375,
USAF_1669,originally assigned to Eglin AFB,80Tonner,31376,
USAF_1670,Sold to MHWA,80Tonner,31377,
USAF_1671,Joint Base Langley Eustis,80Tonner,31378,
USAF_1672,,80Tonner,31379,
USAF_1673,,80Tonner,31380,
USAF_1686,originally assigned to Shaw AFB,80Tonner,31818,
USAF_1687,,80Tonner,31819,
USAF_1689,,80Tonner,31821,
USAF_1691,originally at McGuire AFB,80Tonner,31823,
USAF_1863,ex-USN,S12,75713,
USAF_1864,ex-USN 65-00374 *Scrapped*,S12,75714,
USAF_2000,,SW8,14995,800
USAF_2007,,SW8,,800
USAF_2021,,SW8,15016,800
USAF_B2051,the B indicated boiler equipped,MRS-1,80367,1600
USAF_2052,ex-USAX,MRS-1,80368,1600
USAF_B2071,"ex-USAX, B = boiler equipped",MRS-1,80387,1600
USAF_2104,ex-USAX,MRS-1,80337,1600
USAF_4010,Kentucky Railroad Museum,RS-4-TC,61240,
USAF_4040,Michigan Transit Museum,RS-4-TC,61229,
USAF_4044,only notes on this unit found courtesy of KRM.unit is repowered Baldwin Whi,RS-4-TC,61287,
USAF_4902,"Ex-ACL 928, SCL, SBD, CSX 6670",GP40-2,32363,3000
USAF_7069,Roundhouse Railroad Museum,44Tonner,15757,
USAF_7071,originally stationed at Kelly Field Army AF base,45Tonner,15872,
USAF_7095,ex-USAX 7095,44Tonner,15126,
USAF_7139,ex-US War Dept. 7143,VO-1000,67726,
USAF_7168,ex-US Army 7168,65Tonner,17745,
USAF_7277,ex-USAX,S1,69469,
USAF_7370,ex-HCC,S1,69461,
USAF_7389,ex-USAX,80Tonner,15620,
USAF_7441,,45Tonner,,
USAF_7563,,35 Tonner,2458,
USAF_7858,ex-USAX. Sold to BSVY,80Tonner,17903,
USAF_7860,,80Tonner,17905,
USAF_7924,,44Tonner,,
USAF_7934,,65Tonner,,
USAF_7934,,44Tonner,,
USAF_7934,,44Tonner,,
USAF_7934,,65Tonner,,
USAF_8050,ex-USAX,RSD1,70671,
USAF_8574,"assigned originally to Trinidad, BWI",45Tonner,27751,
USAF_8583,original base Trinidad BWI,45Tonner,27760,
USAF_8662,ex-USAX,RSD1,72135,
INLX_S-6,,Yard Slug,,
INLX_s7,,Yard Slug,,
INLX_8,,SW1001,,1000
INLX_8,,SW1001,,1000
INLX_8,,SW1001,,1000
INLX_8,,SW1001,,1000
INLX_8,,SW1001,,1000
INLX_8,,SW1001,,1000
INLX_S-8,,Yard Slug,,
INLX_S-12,,Yard Slug,,
INLX_15,,SW1,,600
INLX_31,,SW1500,,1500
INLX_42,,SC,603,600
INLX_72,,SW1,6171,600
INLX_76,,SW1,13547,600
INLX_85,ex-St. Louis & O'Fallon 51,S1,73908,
INLX_89,,SW1200,22463,1200
INLX_90,,SW1200,22464,1200
INLX_91,,SW1200,22465,1200
INLX_94,,SW1200,23988,1200
INLX_96,,SW1200,23990,1200
INLX_103,,SW1500,,1500
INLX_104,,SW9,,1200
INLX_105,,SW1200,25913,1200
INLX_108,SW1200,SW1200,28936,1200
INLX_109,,SW1200,30014,1200
INLX_109,,SW1500,,1500
INLX_111,,SW1200,30486,1200
INLX_111,,SW1500,,1500
INLX_114,,SW1200,25731,1200
INLX_115,,SW1500,,1500
INLX_122,,SW1500,35990,1500
INLX_124,,SW1500,72608-1,1500
INLX_126,,SW1001,756066-1,1000
INLX_127,,SW1001,,1000
INLX_128,,Unknown,,
INLX_130,ex-IC,SW7,10042,1200
INLX_131,ex-BCO 131,SW9,,1200
INLX_141,P&PU 604,SC15-A,10085,
INLX_142,NW 3358,SC15-A,9040,
INLX_144,ex-P&PU 606,SC15-A,15561,
INLX_148,,SC15-A,,
INLX_150,,SC15-A,,
INLX_151,,SC15-A,,
INLX_300,,SW1500,,1500
INLX_301,,SW1500,4626-1,1500
INLX_304,,SW1500,,1500
INLX_305,,SW1500,,1500
INLX_310,,SW1500,,1500
INLX_314,,SW1500,,1500
INLX_316,,SW1500,,1500
INLX_416,,GP15-1,,1500
INLX_417,,GP15-1,767076-12,1500
INLX_418,,GP15-1,787249-2,1500
INLX_802,"Not sure on weight, might be a 65 Tonner",65Tonner,,
INLX_803,,SW8,18295,800
INLX_1004,Ex YS&T 905 (SW1000),SW1500,33121,1500
INLX_1013,,SW1500,,1500
INLX_1114,,SW1500,,1500
INLX_1123,,SW1500,,1500
USSC_65,"Built 1907, ex-FEC 65 to US Sugar in 04/31",4/6/2002,44605,
USSC_100,,Yard Slug,74797,
USSC_148,"ex FEC 148, to US Sugar in 06/1952",4/6/2002,61769,
USSC_154,SW900,SW7,20553,1200
USSC_155,SW900,SW7,20554,1200
USSC_156,SW900,SW7,22140,1200
USSC_158,Ex-URR 460,SW1,7507,600
USSC_159,SW900,SW900,25342,900
USSC_201,ex-SP,SW1500,4608-59,1500
USSC_202,,SW1500,4608-87,1500
USSC_202,,SW900,22140,900
USSC_203,,SW900,25342,900
USSC_204,,MP15AC,776128-3,1500
USSC_302,blt 1/56 as IC GP9 9136,GP11,20774,
USSC_303,blt 12/58 as IC GP9 9380,GP11,25032,
USSC_304,Ex UPY 1429 MP15AC  to USSC 204?,MP15AC,776128-3,1500
USSC_304,,GP11,22283,
USSC_305,,GP11,23658,
USSC_306,,GP11,18812,
USSC_307,,GP11,23811,
USSC_308,,GP11,22329,
USSC_310,"Sold to RXCX, to BSFS",GP11,23830,
USSC_311,blt 1/57 as IC 9214. Sold to FCEN,GP11,22337,
USSC_312,blt 12/57 as IC 9331,GP11,23831,
USSC_342,,GP38-2,,2000
USSC_404,blt 3/71 as GM&O 727,GP38AC,36085,2000
USSC_405,Nee GP40-2 ex HLCX6422,GP38-2,786215-1,2000
USSC_406,nee GP40-2 ex HLCX6423. Wrecked and Scrapped,GP38-2,786215-2,2000
USSC_407,blt 2/70 as IC 9517,GP38AC,35682,2000
USSC_408,,GP38-2,74631-2,2000
USSC_409,Ex-SOU,GP38-2,36044,2000
USSC_410,Invalid Entry,Unknown,Invalid Entry,
USSC_410,Ex-SOU,GP38-2,796321-13,2000
USSC_501,blt 3/66 as MILW 184,GP40,31614,3000
USSC_502,blt 10/66 as MILW 193,GP40-2,32301,3000
USSC_503,blt 12/77 as B&M 315,GP40-2,776025-16,3000
USSC_504,,GP40-2,776025-3,3000
USSC_505,blt 1/67 as SAL 642,GP40-2,32621,3000
USSC_506,,GP40-2,34340,3000
USSC_754,Ex ACL/SCL,GP7,13911,1500
USSC_756,Ex ACL/SCL,GP7,13913,1500
USSC_888,ex SP,GP9,25650,1750
USSC_901,Ex SCL/SAL,GP7,11597,1500
USSC_929,,GP7,11345,1500
USSC_968,Ex DT&I,GP7,19018,1500
USSC_986,Ex SCL/SAL,GP7,17378,1500
USSC_989,,GP7,14989,1500
USSC_1201,SW1200,SW1200,19661,1200
USSC_6323,Ex-UP,SD40-2,796345-8,3000
USSC_6324,Ex-SSW,SD40-2,7348-2,3000
USSC_8752,ex-IC,GP11,22283,
NUCX_X,,44Tonner,,
NUCX_1,ex-SCL 66,DS44-1000,75100,
NUCX_YO01,,44Tonner,,
NUCX_2,,44Tonner,,
NUCX_YO02,,44Tonner,,
NUCX_4,ex-US WAR,VO-1000M,67727,
NUCX_5,ex-NP,SW1200,20329,1200
NUCX_52,ex-SAL,DS44-1000,74795,
NUCX_65,,SL-85,,
NUCX_101,MP&ES 110ton rebuilt GE 80ton,UNKNOWN,,
NUCX_102,MP&ES 110ton rebuilt GE 80ton,80Tonner,,
NUCX_102,MP&ES 110ton rebuilt GE 80ton,UNKNOWN,,
NUCX_148,Ex-BN,SW1000,,1000
NUCX_310,?ex-MILW 310?,GP9,,1750
NUCX_311,ex-MILW,GP9,25306,1750
NUCX_321,Ex-Soo,SW1200,19538,1200
NUCX_330,,SW1200RS,A855,1200
NUCX_440,,SW1500,,1500
NUCX_531,"Ex-BRC, Veterans unit, owned by Nucor steel per NRE employee",SW1500,33794,1500
NUCX_592,"ex-UPY, exx-UP, nee-MP",GP15-1,767038-3,1500
NUCX_609,Ex-Peoria & Pekin Union Rwy. #500 built May 1965,SW1200,30307,1200
NUCX_660,ex UP 872. Sold to CLNA,GP30,27581,2250
NUCX_660,,B23-7,42940,2250
NUCX_664,ex-CR 1967,B23-7,42305,2250
NUCX_664,ex-CBQ. Sold to CLNA *Scrapped*,GP7,13177,1500
NUCX_721,,B23-7,42940,2250
NUCX_721,Model: GE B23-7,UNKNOWN,42940,
NUCX_944,ex-OIM,SW1200,19539,1200
NUCX_1221,,SW1200,,1200
NUCX_1222,,SW1200,,1200
NUCX_1231,Nucor Steel NC,SW9,14517,1200
NUCX_1419,Ex-MCR,SW14,17993,1000
NUCX_2004,,Unknown,,
NUCX_2014,Model: EMD SW1200RS,UNKNOWN,,
NUCX_2307,"ex-TNO 115, ex-SP 2215/2307",SW1200,19488,1200
NUCX_2313,"ex-TNO 125, ex-SP 2221/2311",SW1200,22908,1200
NUCX_3628,"Ex BNSF, nee BN.",SW1000,35882,1000
NUCX_4004,Ex-CN,GP9,A645,1750
NUCX_4006,ex-CN,GP9RM,,
USS_3,,50Tonner,30892,
USS_4,,50Tonner,,
USS_9,Model: EMD SW1200RS,SW1200RS,A1022,1200
USS_13,"Blt 11/1957, PRR 7920,PC 9020,CR 9339, USS Great Lakes Works 69",SW1200,24152,1200
USS_20,,DS44-750,,
USS_22,Geneva Works,DS44-1000,27852,
USS_22,,SW9,,1200
USS_23,,DS44-1000,72853,
USS_26,,SW1200,23784,1200
USS_31,,SW1200,,1200
USS_32,Geneva Works,DS44-1000,73611,
USS_34,Geneva Works,S12,76139,
USS_36,ex-Rayonier 201,S12,76136,
USS_37,ex Rayonier 202,S12,76137,
USS_39,,SW1000,,1000
USS_40,,UNKNOWN,,
USS_40,ex SP 2132,S12,75781,
USS_41,ex SP 2133,S12,75782,
USS_41,,UNKNOWN,,
USS_45,"50 Tonner 3 foot gauge, ex-Nat'l",50Tonner,30734,
USS_47,,SW1200,,1200
USS_47,ex Carneige Steel 47,SW1000,,1000
USS_52,,SW1200,30738,1200
USS_54,,SW8,18964,800
USS_55,,80Tonner,31449,
USS_69,,SW8,,800
USS_70,,70Tonner,,
USS_76,,UNKNOWN,,
USS_80,,Yard Slug,,
USS_101,"ex-Mich. Limestone & Chemical 101, to USS in 1967",HH600,68949,600
USS_102,,S2,,
USS_170,e-USSX,MP15DC,756100-1,1500
USS_948,,SW1200,,1200
USS_1188,,SW1000,,1000
USS_1211,,SW10,18835,1000
USS_1534,ex-ATSF 1534,S4,80617,
USS_2606,"GE 110T, blt. 1941.",Unknown,13031,
CWRO_200,ex-American Steel Fdry 9G10,SW1001,786279-2,1000
CWRO_202,ex-RT 102,SW1001,34110,1000
CWRO_203,ex-RTR 103,SW1001,74657-1,1000
CWRO_205,,SW1001,766009-1,1000
CWRO_206,,SW1001,766009-2,1000
CWRO_207,,SW1001,776072-1,1000
CWRO_208,,SW1001,786155-1,1000
CWRO_209,,SW1001,,1000
CWRO_210,ex-FRDX 10019,SW1001,72695-1,1000
CWRO_211,ex-MCRR 421,SW1001,73688-1,1000
CWRO_212,ex-MCRR 422,SW1001,73688-2,1000
CWRO_213,"ex-MCRR 423, Currently taken apart at the Midwest Railway Preservation Soci",SW1001,74672-1,1000
CWRO_214,ex-MCRR 424,SW1001,756061-1,1000
CWRO_215,ex-MCRR 425,SW1001,756061-2,1000
CWRO_216,ex-MCRR,SW1001,36160,1000
CWRO_217,,SW1001,74627-1,1000
CWRO_218,ex-Interlake Steel 18,SW1001,74627-2,1000
CWRO_312,,SW1500,,1500
CWRO_348,ex-RSCX 348,SW900,21810,900
CWRO_373,"Blt. Aug 1955, exCWRO 373,CUVA 1207,MVRY 1207,ALQS 1207",SW1200,20639,1200
CWRO_373,"Blt. Aug 1955, exCWRO 373,CUVA 1207,MVRY 1207,ALQS 1207",SW7,20639,1200
CWRO_801,REMOTE CONTROLLED,SW8,19072,800
CWRO_801,Invalid Entry,SW900,Invalid Entry,900
CWRO_961,ex-Cuyahoga Valley,SW900,21597,900
CWRO_1003,ex-Cuyahoga Valley,SW1001,72679-1,1000
CWRO_1281,"Blt, May, 1956 ex-CUVA 1280",SW1200,21599,1200
CWRO_1550,,SW1500,33133,1500
CWRO_1551,ex-SP. Sold to COP,SW1500,33992,1500
CWRO_1552,ex-SP,SW1500,35238,1500
CWRO_1554,,SW1500,4608-4,1500
CWRO_1555,,SW1500,4608-50,1500
CWRO_1556,Ex-NDM SW1504,SW1500,712674,1500
CWRO_1557,,SW1500,4608-75,1500
CWRO_8551,,SW1200,21596,1200
CWRO_9611,,SW900,21597,900
MPRX_3,,UNKNOWN,,
MPRX_3,,UNKNOWN,,
MPRX_4,,UNKNOWN,,
MPRX_4,,UNKNOWN,,
MPRX_5,,SD40-2,,3000
MPRX_6,,SW7,,1200
MPRX_9,INVALID,SW1500,,1500
MPRX_9,,RL1500,,
MPRX_9,Model: RL1500,UNKNOWN,,
MPRX_15,,NW2,4989,1000
MPRX_48,Ex-PBNE,SW1,1229,600
MPRX_50,,UNKNOWN,,
MPRX_56,,CF7,6621,1500
MPRX_101,,65Tonner,,
MPRX_101,,UNKNOWN,,
MPRX_131,,UNKNOWN,,
MPRX_133,,UNKNOWN,,
MPRX_309,blt 10/47 as EJ&E 409,NW2,4772,1000
MPRX_309,Model: EMD NW2,UNKNOWN,4772,
MPRX_505,,UNKNOWN,,
MPRX_905,,SW1200RS,A1565,1200
MPRX_905,ex-MP,SW1200,29780,1200
MPRX_1000,,UNKNOWN,,
MPRX_1200,"Sold to CPGP, to SLRS",SW1200,11736,1200
MPRX_2024,,UNKNOWN,,
MPRX_2024,Ex-GECX same #,ET44AC,61742,4400
MPRX_2238,blt 8/39 as ATSF NW2 2357,Yard Slug,919,
MPRX_2810,ex-Southern,GP38,36058,2000
MPRX_3513,blt 7/65 as CB&Q 9287,SW1200,30539,1200
MPRX_8609,ex-NS,C39-8,44929,
MPRX_8625,ex-NS,C39-8,45313,
MPRX_8634,ex-NS,C39-8,45322,
MPRX_8645,ex-NS,C39-8,45355,
MPRX_8734,"Luck Stone Chesapeake, VA",GP11,23704,
WTCX,,70Tonner,,
WTCX_1,at NW Ry Museum,H-12-44,12L437,
WTCX_1,ex-American Can 1,SW600,25682,600
WTCX_4,"9/1934, Weyerhaeuser Timber Co",2-6-6-2,61781,
WTCX_6,blt 03/1928 as Mud Bay Logging Co. #8,2-6-6-2,60412,
WTCX_101,ex BLW Demo #750,DS44-750,74814,
WTCX_101,,DRS4-4-1500,,
WTCX_102,ex BLW Demo #751,DS44-750,74815,
WTCX_103,,S8,75254,
WTCX_105,,S8,75255,
WTCX_108,2-6-6-2T,2-6-6-2,59087,
WTCX_110,,2-6-6-2,60561,
WTCX_120,"1936, Weyerhaeuser Timber Co",2-6-6-2,61904,
WTCX_300,,SW7,13571,1200
WTCX_301,,UNKNOWN,,
WTCX_302,SW9 ex-WEYX. Sold to CLC,SW1500,14562,1500
WTCX_303,,UNKNOWN,,
WTCX_304,,SW1200,20354,1200
WTCX_305,ex-\SW a2,nW1500,335,
WTCX_306,,SW1500,33935,1500
WTCX_306B,Ex-CO,Road Slug,11948,
WTCX_307,"Sold to LTEX, to ARC",SW1500,71607-1,1500
WTCX_308,"ex SP 6626, ex SP 7729. Sold to TOE, to AKMD",GP35,30136,2500
WTCX_308,ex-SP 2659. Sold to ARC,SW1500,4608-69,1500
WTCX_309,ex-RDG 615. Sold to LTEX,GP7,18415,1500
WTCX_310,"Ex MKCX, nee UP.",U25B,34535,2500
WTCX_310,,SW9,17825,1200
WTCX_311,ex-SP 2557. Sold to CLC,SW1500,35793,1500
WTCX_312,ex-PC/CR 9501. Sold to CLC,SW1500,37059,1500
MRS_1,,SW900,,900
MRS_204,Nov-40,S2,69394,
MRS_205,,S2,69524,
MRS_206,,S2,69525,
MRS_207,,S2,69670,
MRS_208,,S2,72738,
MRS_209,,S2,73622,
MRS_210,blt 8/48,S2,76156,
MRS_211,,S2,76518,
MRS_212,Sold to GU *Scrapped*,S4,78835,
MRS_213,ex-TRRA 571,S2,69537,
MRS_214,ex-NP,S2,70073,
MRS_251,,MP15DC,75611-1,1500
MRS_252,,MP15DC,75611-2,1500
MRS_253,"ex MRS 208 S-2 MK TE47-4E. Sold to FTRX, to LRSX, to KLWX",S2M,72738,
MRS_254,,MP15DC,826025-1,1500
MRS_255,ex-CR 9603,SW1500,33542,1500
MRS_256,ex-CR 9604,SW1500,34348,1500
MRS_257,"ex-N&W 2295, ITC 1514. Sold to FTRX, to SSRX",SW1500,35828,1500
MRS_258,"Sold to FTRL, to EJR",SW1500,34486,1500
MRS_3648-1,,U26C,,2750
MRS_3648-2,,U23C,,2250
MRS_3652-1,,U23C,,2250
MRS_3752-7,,C30-7,,3000
MRS_3812-4,,C36-7,,3600
MRS_3856-6,,C36-7,,3600
MRS_3876-1,,C36-7,,3600
MRS_3879-5,,C36-7,,3600
VULX,Ex-UP 1823/1250,SW10,10775,1000
VULX,ML8 30Ton,ML,,
VULX,,60Tonner,,
VULX_X,Nov-41,44Tonner,13169,
VULX_XX,30 tonner,25 Tonner,,
VULX_XXX,"1/48, nee People's Gas & Coke",65 Tonner,8179,
VULX_1,Engine Number not known,65 Tonner,,
VULX_14,ex-USN,65Tonner,18008,
VULX_322,,SW1200,19541,1200
VULX_347,,SW1200,3423,1200
VULX_378,,NW2,1300,1000
VULX_1040,ex-SOU 2249/1040,NW2,4749,1000
VULX_1202,,45Tonner,,
VULX_2430,"The only Euclid ever built.  Now in Calera, Ala.",35 Tonner,135,
VULX_2519,65 Tonner,50 Tonner,,
VULX_2779,"ex-Tarmac/CR 2779, nee-LV 503",U23B,40100,2350
VULX_3508,Ex-CB&Q,SW1200,30533,1200
VULX_4731,"HH900 ex-Warrior River Term. 50, Blt. 1939 as Inland Waterways 50",HH1000,69090,1000
VULX_8409,,GP10,18809,1800
VULX_9318,Ex-RDG,SW1200,28415,1200
VULX_9322,Ex-DLW,SW1200,23764,1200
VULX_12003,ex-B&O 626/9401,SW900,20385,900
VULX_12511,"ex SP 1317, ex SP 1938, ex SP 1410",NW2,7301,1000
VULX_12512,,SW1200,,1200
VULX_13250,ex-KCS (L&A) 1217/4217,NW2,5562,1000
VULX_15975,Remote Control Enabled,60Tonner,,
VULX_17836,2028,SD20,25399,2000
JRWX_86,Prime mover removed,S2,,
JRWX_87,Rebuilt with Cummins (?) Prime,S2,,
JRWX_88,,S2,,
JRWX_89,,S2M,,
JRWX_90,,S2,,
JRWX_91,,35Tonner,34610,
JRWX_94,ex-Washington Terminal 63,RS1,79048,
JRWX_95,,100Tonner,,
JRWX_111,Cummins Repower,S2M,,
JRWX_115,Ex-URR,SW1,7505,600
JRWX_117,Ex-URR,SW1,7512,600
JRWX_121,Ex-MILW,SW1,1041,600
JRWX_123,Ex LRS 123,NW2,7521,1000
JRWX_128,Model: Rebuilt EMD NW2R,Unknown,,
JRWX_132,"Repowered with a Cummins motor, ex-Laurinburg & Southern, same number",S2,74493,
JRWX_137,,S2,,
JRWX_139,ex-DTI 915,NW2,5762,1000
JRWX_140,Ex-RSCX,SW1,16116,600
JRWX_142,Ex-RSCX,SW1,14098,600
JRWX_1044,,Yard Slug,23374,
JRWX_4283,,GP39,34788,2300
JRWX_5035,ex-BN 5035,C30-7,42599,3000
JRWX_5313,,SD40-2F,A3565,3000
JRWX_8379,"Waste Managment, ex CPDR, ex ICG, nee IC.",GP10,25031,1800
JRWX_8383,ex-SC Central,GP10,17974,1800
JRWX_9992,,S2,,
NSW_1,,UNKNOWN,,
NSW_2,,SW1001,806061-1,1000
NSW_3,,SW1001,806061-2,1000
NSW_4,"blt 1919, CB&Q 504, sfs 12/54",0-6-0,61384,
NSW_5,"0-8-0 blt 1924 ex-GTW 8305, to Quincy IL",0-8-0,65740,
NSW_5,"1924, nee-GTW 8305",0-8-0,65740,
NSW_5,,0-6-0,,
NSW_6,0-8-0 blt 1924 ex-GTW 8306 traded to scrap yard,0-8-0,65741,
NSW_6,blt as CB&Q 506 during 1919,0-6-0,61386,
NSW_10,"0-8-0 blt 1927 ex-GTW 8327, to St. Paul",0-8-0,7222,
NSW_11,"0-8-0 blt 1929 ex-GTW 8375, traded to scrap yard",0-8-0,61006,
NSW_12,"ex-GTW 8372, traded to scrap yard",0-8-0,61003,
NSW_15,"0-8-0 blt 1924 ex-GTW 8315, scrapped",2/8/2002,65628,
NSW_25,"blt 1925 as GTW 8325, scrapped",0-8-0,7220,
NSW_28,"blt 1927 as GTW 8328, traded to scrap yard",0-8-0,7223,
NSW_30,"ex-GTW 8300, display at Independence IA",0-8-0,65327,
NSW_73,"blt 9/1929 as GTW 8373, donated to Sterling IL",0-8-0,61004,
NSW_74,ex-GTW 8374,0-8-0,61005,
NSW_76,"Built 1929, nee-GTW 8376",0-8-0,61007,
NSW_79,"blt 1929 as GTW 8379, traded to scrap yard",0-8-0,61010,
NSW_80,"blt 9/1929 as GTW 8380, to IRM",0-8-0,61011,
NSW_902,,DMU,,
NSW_903,,DMU,,
NSW_959,,DMU,,
NSW_42110,,UNKNOWN,,
WSX_7,,SW1500,,1500
WSX_7,,SW1001,,1000
WSX_8,,SW1500,,1500
WSX_8,,SW1001,,1000
WSX_97,Jun-53,45Tonner,31801,
WSX_200,,S2,73343,
WSX_210,,S4,78836,
WSX_224,ex-MTFR,S4,78798,
WSX_300,Ex LEF 23,SW1500,37294,1500
WSX_301,Ex LEF 24,SW1500,4626-1,1500
WSX_302,,SW1500,38468,1500
WSX_303,,SW1500,38471,1500
WSX_304,,SW1500,38466,1500
WSX_305,,SW1500,36839,1500
WSX_306,,SW1500,,1500
WSX_307,Sold to LMIC,SW1500,36838,1500
WSX_308,,SW1500,36836,1500
WSX_309,,SW1500,36834,1500
WSX_311,,SW1500,7376-9,1500
WSX_313,,SW1500,7376-2,1500
WSX_314,,SW1500,38472,1500
WSX_316,,SW1500,,1500
WSX_317,Arcelor Paint,SW1500,,1500
WSX_2218,ex-SOU,S2,72869,
MSC_2,Ex-SP 7004/2954,RSD12,83644,
MSC_7,,25 Tonner,40632,
MSC_7,Blt 1915; Display Lake Superior RR museum,0-4-0T,5737,
MSC_9,,Interurban,,
MSC_50,,25 Tonner,,
MSC_98,"Schenectady 02/1909, to LA Eastern in 1946, to Strasburg in 1960",4/4/2000,45921,
MSC_107,,Trolley,,
MSC_108,,SW10,18840,1000
MSC_124,"Brooks 12/1923 as J.J. Newman Lbr. Co. #20, to MSC 124 in 12/1935, to Green",2/8/2002,63168,
MSC_131,"Brooks 12/1923, sold to SW Steel but scrapped due to derailment in 1953",2/8/2002,65352,
MSC_141,"Schenectady 10/1923, toGreen Bros. Gravel in 1953",2/8/2002,64916,
MSC_150,"Richmond 03/1913, ex-IC 1117/2077, to MSC 150 in 1948",4/6/2002,53199,
MSC_504,,Interurban,,
MSC_610,,Interurban,,
MSC_611,Ottawa Car Company 1917 wooden,Interurban,,
MSC_621,,Interurban,,
MSC_2439,Ex-ATSF,GP30,28062,2250
MSC_2446,,GP40-2,,3000
MSC_2446,Ex-ATSF,GP30u,28069,
MSC_5601,Material Services switcher,SW9,,1200
MSC_48-5601,,SW900,19561,900
MSC_49-5601,,SW900,19561,900
MSC_49-5601,,SW900,19561,900
FTRL_207,"ex CBRY, ex NP",GP9,21233,1750
FTRL_251,,SW1500,75611-1,1500
FTRL_252,Ex-Manufactures Railway Company 252,MP15DC,75611-2,1500
FTRL_253,Ex-MRS,S4M,72738,
FTRL_254,Ex MRS 254,MP15DC,826025-1,1500
FTRL_255,Ex MRS 255,SW1500,33542,1500
FTRL_256,,SW1500,34348,1500
FTRL_257,"Ex-MRS 257, built as Illinois Terminal 1514",SW1500,35828,1500
FTRL_258,Ex Manufactures Railway Company 258. Sold to EJR,SW1500,34486,1500
FTRL_1206,,SW1200,20671,1200
FTRL_1515,Ex-ALS,SW1500,36858,1500
FTRL_1670,blt 1/81 as MP 3516,GP50,807023-7,3500
FTRL_1701,"EX CRR GP-11, EX INRD 1701 *Scrapped*",GP16,13535,1600
FTRL_2011,,SW900,20553,900
FTRL_2903,,GP40-2LW,A3194,3000
FTRL_3001,"Ex-UP, Nee-MKT. Sold to ATLT",GP40,35470,3000
FTRL_3158,blt 2/72 as UP 3158,SD40-2,7334-36,3000
FTRL_3161,Ex-UP 3161,SD40-2,7334-39,3000
FTRL_8201,Ex-CP,GP9u,A959,
FTRL_8223,Ex-CP,GP9u,A1129,
AAX_1,"ex-CNW 1248, sold to Agrico Chemical Co. 1 in 2/65",S1,75884,
AAX_2,ex-UP 1022,NW2,1251,1000
AAX_3,,SW1000,37391,1000
AAX_3,,65Tonner,,
AAX_4,,70Tonner,30018,
AAX_6,"ex-Humble Oil + Refining Co. 998, to AAX 6 08/60",70Tonner,32201,
AAX_7,,44Tonner,,
AAX_8,ex-Ashley Drew and Northern 170,70Tonner,30016,
AAX_12,ex-ALTON 12,S2,72006,
AAX_181,ex-RDG NW2 101,NW2R,4941,
AAX_182,ex-UP 1029,NW2,1690,1000
AAX_1515,"ex-GN 629, ex-BN 1529",GP7,13342,1500
AAX_1525,ex-SLSF 527,GP7,11985,1500
AAX_1535,ex-SLSF 513,GP7,9913,1500
AAX_1545,ex-SLSF 525,GP7,11983,1500
AAX_1555,GP8,GP10,19067,1800
AAX_1586,"GP8. Sold to IMCX, to RTEX, to HRR, to AKDN",GP10,13533,1800
AAX_2010,,GP20,26074,2000
ALGX_30,,80Tonner,30478,
ALGX_36,,80Tonner,30966,
ALGX_38,,80Tonner,30968,
ALGX_40,,80Tonner,31031,
ALGX_42,,80Tonner,31189,
ALGX_50,,SW900,A277,900
ALGX_59,"build date 12/48, ex-Washingto",RS1,76218,
ALGX_60,,SL 110,,
ALGX_61,Jan-75,SL 110,39002,
ALGX_67,"Porter 10/1943 as Algoma Steel Co. #10, display in 1967",0-4-0T,7443,
ALGX_583,Ex-ATSF,CF7,9598,1500
ALGX_2004,"ex IC 8415, ex CC 8002, ex ICG 8002, ex DTI 957",GP10,16964,1800
ALGX_2004,16964,GP9,16964,1750
ALGX_7201,ex-Erie Mining 301/7201,RS11,81915,
ALGX_7202,ex-Erie Mining 302/7202,RS11,81918,
ALGX_7221,ex-Erie Mining,C420,3437-02,2000
WPSC_28,,SW8,14063,800
WPSC_1250,,SW1200,20364,1200
WPSC_1253,ex-Wheeling Steel 1253,SW9,19305,1200
WPSC_1255,ex-WSTX,SW1200,20365,1200
WPSC_1259,ex-WSTX,SW1200,20369,1200
WPSC_1262,ex-MP. Sold to RJC,SW1200,27867,1200
WPSC_1263,ex-MP,SW1200,27862,1200
WPSC_1264,ex-MP,SW1200,28762,1200
WPSC_1265,Sold to RJC,SW1200,31110,1200
WPSC_1266,ex-IC TR 9205A,SW14,1190A,1000
WPSC_1267,ex-IC,SW7RM,10050,
WPSC_1268,ex-PRR 7914,SW1200,24146,1200
WPSC_1548,ex-PLE 1548,SW1500,7376-5,1500
WPSC_1551,ex-PLE 1551,SW1500,7376-8,1500
WPSC_1551,,UNKNOWN,INVALID ENTRY,
WPSC_1553,ex-PLE 1553,SW1500,7376-10,1500
GP_1,ex Canada Cement 1,50Tonner,32531,
GP_1,nee: Manary Logging Co,2/8/2002,55347,
GP_5,"Broos-Scanlon Lumber Co. 5, to GP 5",2/8/2002,55399,
GP_9,Invalid Entry,UNKNOWN,Invalid Entry,
GP_10,"2-8-2T, Schenectady 12/1930 as Coos Bay Lumber Co. #10",2/8/2002,68548,
GP_19,"Display; Harrod, Ohio.",Shay 3 Truck,1568,
GP_151,ex-Worthington Pump and Machinery no #,45Tonner,31299,
GP_38-2,Invalid Entry,GP38-2,Invalid Entry,2000
GP_39-2,Invalid Entry,GP39-2,Invalid Entry,2300
GP_6-021,Built 1951.,45Tonner,30791,
GP_6-021,Built 1951.,UNKNOWN,30791,
GP_6-021,Former Toledo paper mill switcher,65Tonner,,
GP_6-021,,45Tonner,,
GP_6-021,,UNKNOWN,30791,
GP_6-021,,UNKNOWN,30791,
CGRX_3,ex DSSA,RS1,73760,
CGRX_103,ex-CO,S2,77149,
CGRX_104,"IPC, ex-CO",S2,76782,
CGRX_602,Not 100% sure on heritage.,GP7,15858,1500
CGRX_1221,ex-TRRA 1221,SW9,20658,1200
CGRX_1691,"IPC, ex-USAF",80Tonner,31823,
CGRX_1750,,GP7L,14988,
CGRX_2005,,GP7L,13198,
CGRX_2027,"IPC, ex-USAX",SW8,15022,800
CGRX_2266,,SW1500,,1500
CGRX_2508,blt 3/53 as ATSF F7A 314L,CF7,17937,1500
CGRX_5549,Ex NS 5549,GP38-2,36042,2000
CGRX_6140,ex-CO,GP9,22048,1750
CGRX_9209,"GP7? ex-CMGN, RCO",GP8,18490,
AKS_B85,,SW900,,900
AKS_B87,SW1500,SW1500,,1500
AKS_921,"ex-ASCX 1207, note headlight #",SW900,27922,900
AKS_1216,ex-ASCX 705,SW1500,73667-1,1500
AKS_1217,SW1001,SW1001,,1000
AKS_1218,NEE ASCX 1-18-40 BLT 6/82,SW1001,816039,1000
AKS_1220,,SW1500,,1500
AKS_1221,,SW1500,,1500
AKS_1222,,SW1500,,1500
AKS_1223,,SW1001,,1000
AKS_1224,,SW1001,,1000
AKS_1272,Ex-INLX,SW1200,25353,1200
AKS_1273,Ex-INLX,SW1200,25914,1200
CGCX_1,,NW2,7315,1000
CGCX_11,ex-Port Townsend RR 11,65 Tonner,61198,
CGCX_22,ex-Texas South-Eastern 22,70Tonner,32569,
CGCX_151,,GP7,,1500
CGCX_175,"Ex-BN, nee-NP #175 (2nd), to Temco (TMLX) #175",SW1200,24039,1200
CGCX_205,"ex-CH nee-LSI. Sold to RSVY, to MSTL",RS1,79577,
CGCX_206,ex-LSI 1003,RS1,79578,
CGCX_207,"ex-MSTL 944, 202, ex-S&L 207. Sold to RLCX, to LVRC *Scrapped*",RS1,71436,
CGCX_219,"Ex-BN, nee-NP #160 (2nd), to Temco (TMLX) #219, to yard slug #219S",SW1200,22762,1200
CGCX_724,,S2,73600,
CGCX_1528,blt 7/52 as AT&SF 1528,S4,80061,
CGCX_6252,"blt 5/59 as CB&Q 512, BN 6252",SD24,25209,2400
CGCX_9004,,S4,80958,
DKPX_10,B-50,25 Tonner,,
DKPX_111,"0-4-0T, Duke Power",0-4-0T,62759,
DKPX_111,"Blt 1922; NCTM Spencer, NC",0-4-0T,62759,
DKPX_116,Duke Power 116,50Tonner,,
DKPX_2539,,UNKNOWN,9753,
DKPX_2540,Duke Power & Energy,UNKNOWN,,
DKPX_2543,600 HP,LEAF,,
DKPX_4491,"Duke Power, Buck Steam Plant",44Tonner,,
DKPX_4491,,44Tonner,,
DKPX_4491,,44Tonner,,
DKPX_5951,Duke Power Company,25 Tonner,,
DKPX_10234,,25 Tonner,,
PHLX_5,ex-CN 1901,GMD1,A1575,1200
PHLX_6,Ex-SP,TEBU,34959,
PHLX_8,ex-SP,SD40M-2,32808,
PHLX_9,ex SP,SD40M-2,32789,
PHLX_10,,SD40-2,32795,3000
PHLX_11,,SD40M-2,32777,
PHLX_13,"blt as CN 5063, reblt to BNSF 6981, to MJRX 6981, to PHLX 13",SD40-2,A2315,3000
PHLX_15,ex-UP,SD20,25411,2000
PHLX_16,ex-CP,SD40-2,A3323,3000
PHLX_2008,Ex-CN,SW1200RS,A1847,1200
PHLX_5601,Tractive Power TP56,UNKNOWN,ex CP 5805 frame,
PHLX_8454,"Ex-PDC 8454, Nee-CN 8454",S3,77761,
RAYO_2,"Willamette, blt for Saginaw Timber Co",UNKNOWN,34,
RAYO_2,ex-Saginaw Timber Co. 2,2/8/2002,38967,
RAYO_4,"Willamette, ex- Long-Bell Lumber Co. 701, s/n 16, blt 1924",UNKNOWN,16,
RAYO_7,,SW7,,1200
RAYO_8,ex-Bloedel-Donovan Lumber Co. 9,2-6-6-2,58064,
RAYO_10,ex-Hofius Steel & Equipment Co. 14,Shay 3 Truck,3348,
RAYO_38,"ex-Weyerhauser Timber Co. 4, to Sierra 38",2-6-6-2,61781,
RAYO_45,ex-Polson Lumber Co.,2/6/2002,27311,
RAYO_45,Former SP 5273,AS616,75469,
RAYO_90,ex-Polson Lumber Co.,2/8/2002,59071,
RAYO_202,"blt 07/56, blt with GE electricals",S12,76137,
RAYO_203,ex-McCloud River 30,S12,75912,
MWRX_62,Midwest Railroad - Not Midwest Holdings,S2,74663,
MWRX_201,"Ex SO, nee DRGW.",GP9,20518,1750
MWRX_205,,GP9,20526,1750
MWRX_1200,Ex CR,SW1200,,1200
MWRX_1308,ex-CO,GP7u,15250,
MWRX_2023,Former CNUR 7.,GP11,,
MWRX_2423,MP15E,MP15DC,,1500
MWRX_2423,MP15E,MP15T,,1500
MWRX_2944,ex PRR 7236,GP10,24288,1800
MWRX_3338,,GP9E,21345,
MWRX_3789,Ex SP,GP9E,22972,
WIMX_1,,GP9,22225,1750
WIMX_72,,SW9,17226,1200
WIMX_250,,B23-7,42072,2250
WIMX_360,"ex-DWP/CV 3606, to QT in 10/85, to WW in 10/88, to WIMX in 3/91",RS11,81940,
WIMX_2778,Ex LV 502,U23B,40099,2350
WIMX_2779,Former LVRR 503,U23B,40100,2350
WIMX_2785,Ex LV 509,U23B,40106,2350
WIMX_2786,ex-CR/LV,U23B,40107,2350
WIMX_2836,,SD40T-2,72625-14,3000
WIMX_6521,,SD40M-3,38366,
WIMX_7815,built as SP 7815 in March 1978,B30-7,41873,3000
GCSX_8,,44Tonner,,
GCSX_1189,Ex-TRRA,SW1200,30007,1200
GCSX_1191,ex-CBQ 9271,SW1200,20543,1200
GCSX_1240,Ex-P&LE,SW9,16333,1200
GCSX_1243,Ex-GLSX,SW1200,23301,1200
GCSX_1244,Ex-GLSX,SW1200,23302,1200
GCSX_1247,ex-WAB,SW8,9045,800
GCSX_2026,"ex-EMDX 5579, ex-IC/ICG 2026",SD20,24701,2000
GCSX_2032,ex-UP,SD20,18291,2000
GCSX_2036,ex-SOU,SD20,25617,2000
JDHX_50,"ex PNM 50, ex NS 50, ex NW 2942, ex NKP 342",SD9m,23157,
JDHX_1607,Ex-GN,GP9,24103,1750
JDHX_1617,Ex-NP 232,GP9,20319,1750
JDHX_1886,1600 hp blt by Texas Northern,UNKNOWN,,
JDHX_1886,"ex NS 59, ex SOU 199, ex CG 207",SD9m,20450,
JDHX_1886,"ex NS, ex SOU, ex CofG",SD9,20450,1750
JDHX_1886,"ex SP 1221, ex SP 1054",S6,81725,
JDHX_1886,"ex JDHX 1617, ex OHK 1617, ex BNSF 1617, ex BN 1858, ex NP 232",GP9,20319,1750
JDHX_2001,"ex PNM 2001, ex NREX 2001, ex ARZC 2001, ex SECX 2001, ex UP 470, ex UP 700",GP20,26045,2000
JDHX_4517,,GP9,22865,1750
SMRS_1,,UNKNOWN,,
SMRS_1,,ML,,
SMRS_1,,UNKNOWN,,
SMRS_2,,45Tonner,,
SMRS_3,Ex-Charlotte Southern/Dansville & Mount Morris 1. Last 44 Tonner built.,44Tonner,32664,
SMRS_10,,44Tonner,15122,
SMRS_75,,45Tonner,,
SMRS_77,Ex-SLSF 302,SW7,10184,1200
SMRS_275,"GMDH-3, Diesel Hydraulic",Unknown,A1813,
SMRS_2022,Ex-DuPont 2/Dupont Canada 1/Bell Asbestos Mines 1. Built 4/1952.,45Tonner,31300,
GASX_11,,SW1200,19530,1200
GASX_26,Ex-OMIX,SW1200,23784,1200
GASX_217,,SW1200,,1200
GASX_308,,SW1200,,1200
GASX_1678,Ex-BRC,SW1200,28348,1200
GASX_1678,Ex-PPU,SW1200,30307,1200
GASX_2286,,2GS14B,,
GASX_2287,,2GS14B,,
GASX_2288,,2GS14B,,
LMIC_32,"Ex-South Buffalo 32, Exx-SP 22",SW1200,30245,1200
LMIC_36,Former SB 36,SW9,16557,1200
LMIC_79,Ex-P&BR 134,SW1200,22272,1200
LMIC_94,,SW1200,22083,1200
LMIC_203,,SW1200,22903,1200
LMIC_307,"new PLE 1539, WSX 307",SW1500,36838,1500
LMIC_1208,Ex-CP,SW1200RSm,A1497,
LMIC_8723,Ex-IC,GP11,18715,
LMIC_8735,,GP11,23687,
MMAX_4,,MP15,,
MMAX_61,ex-SP nee Calif. Westn.,RS11,83411,
MMAX_312,ex GBW,C424,3375-01,2400
MMAX_2664,Ex. SP,SW1500,4608-74,1500
MMAX_3145,,B23-7,,2250
MMAX_3935,DJPX,U23B,40078,2350
MMAX_3937,,U23B,40080,2350
MMAX_5011,ex-D&H,RS11,83690,
MMAX_7589,ex-NH,RS11,81783,
WPSX_1,ex-KGBW,S2M,75666,
WPSX_100,,1GS7B,,
WPSX_1195,nee SP 4630,SW900,19645,900
WPSX_1251,,SW7,,1200
WPSX_1402,,SW900,,900
WPSX_8753,Ex-DH,S2,75551,
WPSX_8754,"Ex-DH. Sold to MJRX, to IRTX",S2,72749,
WPSX_8758,Ex-NORX,SW1,16704,600
WPSX_8760,Rebuilt by GE-Cleveland,S2M,,
CWEX_3,ex-CDEGG,SW1,4492,600
CWEX_4,Built 11/1911,Steeplecab,60286-3515,
CWEX_5,blt 1922 by BLW as CWEX 5,0-6-0,55626,
CWEX_7,,0-6-0,,
CWEX_10,,SW1,1453,600
CWEX_14,"To DBGX, to MWLX.",SW1,2864,600
CWEX_15,blt 9/50,SW1,10538,600
CWEX_16,ex-Lange Stegman Fertilizer/TRRA 1216,SW9,16841,1200
DRSX_1005,NW2u. Sold to GLLX,NW2,6582,1000
DRSX_1202,xIC 1427,SW14,14359,1000
DRSX_1206,ex-BRC 520,SW9,14394,1200
DRSX_1207,ex-BRC 521,SW9,14395,1200
DRSX_1208,"ex-BRC 522. Sold to CIRY, to MVPX, to RJC",SW9,15207,1200
DRSX_1209,ex-BRC 523,SW9,15208,1200
DRSX_1210,"Ex-CR 9320, Exx-EL 456, Exxx-D",SW1200,23762,1200
DRSX_1211,"xAMTK 554, ATSF 1221/1421",SSB1200,18087,
LAFX,Ex-Keokuk Electro-Metals,50Tonner,31532,
LAFX_20,,SW1200,,1200
LAFX_20,,SW1200,,1200
LAFX_1749,Ex-IC,GP10,20797,1800
LAFX_1951,"ex-NP 334, ex-BN 1919",GP9,22737,1750
LAFX_2391,Sold to HZRX,U30B,,3000
LAFX_7172,,65Tonner,,
LAFX_67442,"Ex 7180-USAF, 7180 USN 65-00517, Cargill 5, OCI #1, LAFX 2",65Tonner,17883,
OWTX_9950,"To BCOL, to ASDX.",SD40-2,786246-1,3000
OWTX_9951,"To BCOL, to DME.",SD40-2,786246-2,3000
OWTX_9952,"To BCOL, to DME, to MQT.",SD40-2,786246-3,3000
OWTX_9953,To BCOL.,SD40-2,786246-4,3000
OWTX_9954,"To BCOL, to ASDX.",SD40-2,786246-5,3000
OWTX_9955,"To BCOL, to GECX.",SD40-2,786246-6,3000
OWTX_9956,"To BCOL, to GECX, to ICE, to RCPE.",SD40-2,786246-7,3000
OWTX_9957,To BCOL.,SD40-2,786246-8,3000
UTLX,Ex-General Motors,16 Ton JLB,262,
UTLX_263,,SW1200,,1200
UTLX_1032,,25 Tonner,,
UTLX_1453,rebuilt SSB1200?,SW900,23404,900
UTLX_2524,"11/51, Union Tank Car Co. 2524 - Ville Platte, LA, nee-Union Tank Car Co. 2",45Tonner,31017,
UTLX_12227,Ex-DLW,SW1,1051,600
UTLX_25111,,65Tonner,,
UTLX_25211,,45Tonner,,
Acme_XXX,,UNKNOWN,,
ACME_4,,65Tonner,,
Acme_8,,SW1,,600
Acme_11,"Originally Interlake Iron, then Interlake Steel. At HVRM in Indiana",95 Tonner,,
Acme_LO11,,SW8,,800
Acme_LO-12,,SW8,,800
ACME_15,,65Tonner,,
NLSC_2691,,GP35,29946,2500
NLSC_3914,,65Tonner,,
NLSC_5304,"built 5/42, B&O Chi Trml 216; to RELX RE510, to NLSC 5304 (1997)",SW1,1601,600
NLSC_5462,blt 10/45 as Great lakes Steel 18,SW1,3184,600
NLSC_7562,,80Tonner,,
NLSC_7562,,80Tonner,,
NLSC_7865,Ex-PRR,SW1200,24145,1200
RESX,,25 Tonner,,
RESX,,UNKNOWN,,
RESX_3,,45Tonner,,
RESX_5,no labels or frame numbers,Unknown,,
RESX_2507,"03/2953, xATSF 2507, xx313L",CF7,17936,1500
RESX_2535,xATSF *scrapped*,CF7,8303,1500
RESX_2623,xATSF,CF7,5401,1500
SSTX_21,"ex OPE 21, ex SFB 21",S2,70204,
SSTX_60,,65 Tonner,60660,
SSTX_900,,SW900,20609,900
SSTX_1545,,SW7,,1200
SSTX_5100,ex-SP 5100,70Tonner,30034,
SSTX_9624,,T6,3489-02,
SSTX_9851,ex Portland Terminal 47,T6,3489-02,
TORC_996,"Ex-CSXT 8200, Ex-SBD 8200/3572, Ex-L&N 3572",SD40-2,74644-19,3000
TORC_997,"Ex-CSXT 4613, Ex-C&O 7513 (Retired)",SD40,36702,3000
TORC_998,"Ex-CSXT 4603, Ex-SBD/L&N 1238",SD40,35952,3000
TORC_999,"Ex-CSXT 4608, Ex-SBD/L&N 1256",SD40,38210,3000
TORC_7800,ex CO 7422,SD35,29430,2500
TORC_7801,"ex-TORCO, exx-C&O",SD35,29435,2500
TORC_7802,"ex-TORCO, exx-C&O",SD35,29437,2500
AEPX_no,"Ex-C&O 5924, ICG 8280, P&L",GP10,21197,1800
AEPX_1,"Appalachian Electric Power f/n, now at VMT",SW1000,35830,1000
AEPX_2,,85Tonner,,
AEPX_102,ex-APC; phase III-B5; blt 5/55,80Tonner,32343,
AEPX_1101,ex-BN,SL-136,41105,
AEPX_2703,blt 2/65 as SOU GP35 2703,GP35R,29958,
CYDX_100,Restored; Atlantic Coast Line,GP7,10217,1500
CYDX_238,,S2,76180,
CYDX_239,ex-ON 1202,S2,74481,
CYDX_305,Conrad Yelvington Distributors Incorporated,SW1200,23983,1200
CYDX_710,ex-AN,SW9,18869,1200
CYDX_9116,"ex-CO 5029, ex-BO 9116",S2,77798,
SHARON_4,,S8,75422,
SHARON_5,,S8,75423,
SHARON_6,,SW8,19494,800
SHARON_6,,S8,75424,
SHARON_8,,SW8,20405,800
SHARON_31,,0-6-0,60468,
UTCX_1301,,44Tonner,,
UTCX_1302,,80Tonner,30006,
UTCX_1303,,65Tonner,15889,
UTCX_1510,ex-PLE,GP7,14573,1500
UTCX_1511,,GP7,17979,1500
UTCX_1816,"ex-SAL 1718, ex-CSX 1816. Sold to PREX",GP16,11594,1600
VECX_101,"Ex-LN, Sold to NRE",SW1500,7233-6,1500
VECX_201,Ex-ITC,SW1500,35829,1500
VECX_301,,B39-8E,,
VECX_501,,SW1500,,1500
VECX_601,,SW1500,,1500
VECX_2281,,SW1200,,1200
ABCX_600,ex Lehigh Portland Cement 5,SW1,18441,600
ABCX_900,acquired new,SW900,21854,900
ABCX_1000,new to Alabama By Products,SW1001,37387,1000
ABCX_1500,"blt as SP 2477, UP 1081",SW1500,33137,1500
ABCX_4046,,0-6-0,8380,
GKLX_93,,S2,,
GKLX_94,blt 7/49; acq  in 94; ex-Green,70Tonner,30185,
GKLX_95,ex-SP 1424/1952/1324,NW2R,7315,
GKLX_99,,S2M,,
GKLX_103,,NW2R,,
TINX_3,The Whitcomb 3 is 60746  10/47,50-DE-58a-1,60746,
TINX_8,Ex-NYC,SW1,6405,600
TINX_13,ex USA 7882 blt 6-43,65Tonner,17868,
TINX_1252,Ex-CNW,SW1,18109,600
TINX_Y2572,,23Tonner,,
TXU_2304,E25B,Unknown,,
TXU_3314,,C30-7,,3000
TXU_3315,,C30-7,,3000
TXU_23016,ex-BN 5071,C30-7,42863,3000
TXU_23018,,C30-7,,3000
ARPX_1,,Unknown,,
ARPX_3,,NW2,,1000
ARPX_120,Model: SW9,SW1200,A115,1200
ARPX_458,Ex-C&S,SW1200,25007,1200
BECKER_5,ex-USAX,S2,70221,
BECKER_7,SCRAPED 6/99,S2,,
BECKER_16,,S2,,
BECKER_20,ex-CNW,S2,69675,
ETCX_2,,SW1500,,1500
ETCX_5,Ex Western Maryland 132.,VO-1000,71050,
ETCX_6,,80Tonner,,
ETCX_9,,SW1500,,1500
EWSX_PK,,UNKNOWN,,
EWSX_1,GE 50Tonner; Built 2/1942,50Tonner,15144,
EWSX_2,GE 45Tonner; Built 5/1956,45Tonner,32537,
EWSX_27,,UNKNOWN,,
API_NONE,"300hp, built 5/46",45Tonner,28463,
API_4,Built 2/47,S2,73931,
API_5,ex-BS 151,RS3,78251,
ASF_4,,44 Tonner,,
ASF_8,65DE17a,65 Tonner,60202,
ASF_965,Still on property 5/31/08,45Tonner,,
BRPX,,SW1001,786212-1,1000
BRPX_1,ex-Champion Paper Co. 06056,SW1001,786212-1,1000
BRPX_6056,ex-Champion Paper Co. 06056,SW1001,786212-1,1000
CARX_1500,ex-PRR,SW7,13065,1200
CARX_2867,,GP38AC,37339,2000
CARX_4124,ex-NS(SOU),GP38AC,35644,2000
CIPS_2,On Display; Built 1929,0-4-0T,7153,
CIPS_5,,2/4/2002,7995,
CIPS_6,,0-4-0T,3376,
ENGLEWOOD_301,,SW1200RS,A830,1200
ENGLEWOOD_302,,SW1200,A831,1200
ENGLEWOOD_304,,SW1200,19663,1200
FIRR_12,,SW1200,,1200
FIRR_1202,,SW1200,14502,1200
FIRR_1222,Sold to HZRX,SW1500,4608-6,1500
HPCX_21,Heisler blt 1935 Hercules Powder Co. 21 on display,2-Truck,34,
HPCX_61,Built 3/61,SW900,26349,900
HPCX_68,ex-LN 14,SW1,1565,600
HTT_RGH10C,,MoW Equipment,,
HTT_463,"nee AMTK 376, CDAC 463 F40PHR, HTT 463, FTSX 463, WRIX 376",F40PHR,807050-16,3000
HTT_6700,,UNKNOWN,,
ISG,Ex-Georgia Light & Power,25 Tonner,30975,
ISG_8,ex-BO 646/9421,SW900,20405,900
ISG_803,Model: SW8,SW900,18295,900
JMHX,,15-ton DDT,,
JMHX,,15-ton DDT,,
JMHX_1401,,SW1500,,1500
LLX_164,Ex UP,SW10B,,
LLX_327,EX Soo / Corn Products #327,SW1200,20110,1200
LLX_8130,Ex IC,GP10,23824,1800
NWSW_25,ex KCS,UNKNOWN,,
NWSW_30,ex GTW 8300,0-8-0,,
NWSW_74,,0-8-0,,
PSCX_88,ex-HB&T 12,S2,,
PSCX_15-1,,SW1001,73620-1,1000
PSCX_23-3,,SW900,,900
QT_1701,Sold to ESPN,GP9,24221,1750
QT_3606,ex-DWP/CV 3606,RS11,81940,
QT_3611,ex-DWP,RS11,82028,
SCBX_3,,SW1,3884,600
SCBX_1160,Ex-Algoma Steel,80Tonner,31187,
SCBX_5093,,SW9,19299,1200
SCCX_3,,SW8,16353,800
SCCX_2598,ex-SOU,GP30,28568,2250
SCCX_721001,"blt 1/58 as Alcoa 721001. On display as Canadian Pacific 7009 at Nelson, BC",H-16-66,16L1159,
TIT_NO,Ex-SP,SW1500,4608-21,1500
TIT_TXXX,nee CNW/CEFX 6931,SD40-2,766032-6,3000
TIT_2300,built as SSW 1061 to 2207 to S,SW9,15611,1200
AGVX_2002,ex-JTPX 9999,SD40-2,73648-4,3000
AGVX_7517,"ex-PRR 7148, ex-CR 7517",GP10,23946,1800
ALR_147,"(13963, 6182-14, 3/51) Ex Brow",SW9,13963,1200
ALR_400,Ex-MKT,25 Tonner,30591,
CSYX,,35Tonner,,
CSYX_X,Sep-58,25 Tonner,6146,
DODX_652,Integral dx/Ritalka SWM9,UNKNOWN,1,
DODX_53205,Sold to UCRY,H-12-44,12L678,
HSKX_3525,,UNKNOWN,,
HSKX_3526,Model: Rebuilt EMD GP38-3,GP40,29224,3000
KOT_1,"cabless engine with control ""stand"" in stairwell; built from an Alco ""S""",Unknown,,
KOT_80,"reblt from ARC 5, ex-Alco S1",Power Car,72836,
MAC_82,"Ex CLK, ex WVRC, ex SOU.",SW1,4746,600
MAC_92,Ex MP.,SW9,12556,1200
MPCX_502,,GP7,12934,1500
MPCX_503,ex-CNW,GP7,18231,1500
NPTR_101,44-tonner,65Tonner,17877,
NPTR_101,Phase II Model (April 1943),44Tonner,17877,
OIMX_1200,,UNKNOWN,,
OIMX_1216B,,TR6B,18620,
PBRTC_F,,S2,70196,
PBRTC_NO,2,S2,77055,
PFSC_794,,SW900,20956,900
PFSC_1241,,SW10,17819,1000
PIZ_1,,SW8,18867,800
PIZ_2,ex-WAB 130,SW8,17591,800
PLBX_1,Plymouth 10-ton DHL; Blt 1948,10 Ton DHD,5402,
PLBX_2,Plymouth 10-ton DHL; Blt 1939,10 Ton DHD,4023,
UCMX_1049,ex-SOU,NW2,4758,1000
UCMX_1268,,SW1200RS,A1040,1200
AKM_15,Plymouth WDT 40-ton,40-ton WDT,,
AVGX_1269,Ex-CNW. Sold to KXHR,SW1,18102,600
BBOH_104,ex-ETR,SW8,A611,800
CADRS_2001,Model: RS-23,S13,82576,
CPCX_87,,SW1500,,1500
DEKA_103,ex-DTR,DS44-1000,72812,
FSCX_1,Ex-ATSF,CF7,13707,1500
GLCD_320,ex-SOO,SW1,907,600
GSAG,"Former WI&M #66, ex MSTL 66 nee MSTL D-939",HH660,69089,650
HA_1256,Ex-MP. Sold to AKDN,SW1200,31229,1200
IDCC_1,,NW2,,1000
IGMX_2161,,GP7u,13196,
IMP_63,Ex-DLW,SW1,1028,600
ITCO_2,,45Tonner,15294,
ITI_2,"Ex CR, nee LV, to USWX.",SW8,14030,800
LVC_126,"Vulcan #4139, built 1931",0-6-0T,4139,
MCA_7515,"ex-PRR 7210, ex-CR 7515",GP10,24242,1800
OHK_1617,ex-BN,GP9,20319,1750
PGC_2301,Jul-37,HH600,68803,600
RDMX_1003,,SW1500,,1500
SMBX_16,"ex-NP, Southern MN Sugar Beet Coop",S4,80462,
WHPX_5,"50DE58a, Displayed at The Rochelle Rail",50-DE-58a-1,60695,
